,Date,Site,Plot,Tag,ID,Size_x,T1_Date,T1_Survival,Taxa_broad,Site_Plot
1,15/4/2024,A1_6m,1,A0174,C,2,17/3/2025,1,Acropora spp.,A1_6m_1
2,15/4/2024,A1_6m,1,A0175,A,5,17/3/2025,1,Acropora spp.,A1_6m_1
3,15/4/2024,A1_6m,1,A0176,A,7,17/3/2025,0,Acropora spp.,A1_6m_1
4,15/4/2024,A1_6m,1,A0183,A,8,17/3/2025,1,Acropora spp.,A1_6m_1
5,15/4/2024,A1_6m,1,A0183,F,9,17/3/2025,1,Acropora spp.,A1_6m_1
6,15/4/2024,A1_6m,1,A0213,B,4,17/3/2025,1,Acropora spp.,A1_6m_1
7,15/4/2024,A1_6m,1,A0217,B,5,17/3/2025,1,Acropora spp.,A1_6m_1
8,15/4/2024,A1_6m,1,A0218,E,3,17/3/2025,1,Acropora spp.,A1_6m_1
9,15/4/2024,A1_6m,1,A0226,A,6,17/3/2025,1,Acropora spp.,A1_6m_1
10,15/4/2024,A1_6m,1,A0226,G,8,17/3/2025,0,Acropora spp.,A1_6m_1
11,15/4/2024,A1_6m,1,A0237,A,4,17/3/2025,1,Acropora spp.,A1_6m_1
12,15/4/2024,A1_6m,1,A0240,C,6,17/3/2025,1,Acropora spp.,A1_6m_1
13,15/4/2024,A1_6m,1,A0240,D,5,17/3/2025,0,Acropora spp.,A1_6m_1
14,15/4/2024,A1_6m,1,A0240,E,4,17/3/2025,1,Acropora spp.,A1_6m_1
15,15/4/2024,A1_6m,1,A0241,A,6,17/3/2025,1,Acropora spp.,A1_6m_1
16,15/4/2024,A1_6m,1,A0241,B,1,17/3/2025,0,Acropora spp.,A1_6m_1
17,15/4/2024,A1_6m,1,A0241,C,1,17/3/2025,0,Acropora spp.,A1_6m_1
18,15/4/2024,A1_6m,1,A0241,E,3,17/3/2025,0,Acropora spp.,A1_6m_1
19,15/4/2024,A1_6m,1,A0242,A,6,17/3/2025,1,Acropora spp.,A1_6m_1
20,15/4/2024,A1_6m,1,A0242,C,2,17/3/2025,0,Acropora spp.,A1_6m_1
21,15/4/2024,A1_6m,1,A0242,F,3,17/3/2025,0,Acropora spp.,A1_6m_1
22,15/4/2024,A1_6m,1,A0243,A,1,17/3/2025,1,Acropora spp.,A1_6m_1
23,15/4/2024,A1_6m,3,A0173,A,8,17/3/2025,1,Acropora spp.,A1_6m_3
24,15/4/2024,A1_6m,3,A0173,I,6,17/3/2025,1,Acropora spp.,A1_6m_3
25,15/4/2024,A1_6m,3,A0214,G,2.5,17/3/2025,1,Acropora spp.,A1_6m_3
26,15/4/2024,A1_6m,3,A0214,H,2.5,17/3/2025,1,Acropora spp.,A1_6m_3
27,15/4/2024,A1_6m,3,A0215,E,5,17/3/2025,0,Acropora spp.,A1_6m_3
28,15/4/2024,A1_6m,3,A0219,F,9,17/3/2025,1,Acropora spp.,A1_6m_3
29,15/4/2024,A1_6m,3,A0219,H,3,17/3/2025,1,Acropora spp.,A1_6m_3
30,15/4/2024,A1_6m,3,A0219,I,4,17/3/2025,1,Acropora spp.,A1_6m_3
31,15/4/2024,A1_6m,3,A0219,J,2,17/3/2025,0,Acropora spp.,A1_6m_3
32,23/4/2024,A4_6m,2,A0274,B,9,20/3/2025,1,Acropora spp.,A4_6m_2
33,23/4/2024,A4_6m,2,A0274,K,2,20/3/2025,1,Acropora spp.,A4_6m_2
34,23/4/2024,A4_6m,2,A0274,M,9,20/3/2025,0,Acropora spp.,A4_6m_2
35,23/4/2024,A4_6m,2,A0275,C,2,20/3/2025,1,Acropora spp.,A4_6m_2
36,23/4/2024,A4_6m,2,A0275,D,1.5,20/3/2025,1,Acropora spp.,A4_6m_2
37,23/4/2024,A4_6m,2,A0275,E,5,20/3/2025,0,Acropora spp.,A4_6m_2
38,23/4/2024,A4_6m,2,A0276,C,3,20/3/2025,1,Acropora spp.,A4_6m_2
39,23/4/2024,A4_6m,2,A0276,E,7,20/3/2025,1,Acropora spp.,A4_6m_2
40,23/4/2024,A4_6m,2,A0284,B,9,20/3/2025,1,Acropora spp.,A4_6m_2
41,23/4/2024,A4_6m,2,A0284,E,9,20/3/2025,0,Acropora spp.,A4_6m_2
42,23/4/2024,A4_6m,2,A0284,G,5,20/3/2025,0,Acropora spp.,A4_6m_2
43,23/4/2024,A4_6m,2,A0284,J,3.5,20/3/2025,1,Acropora spp.,A4_6m_2
44,23/4/2024,A4_6m,2,A0288,B,5,20/3/2025,1,Acropora spp.,A4_6m_2
45,23/4/2024,A4_6m,2,A0409,A,7,20/3/2025,1,Acropora spp.,A4_6m_2
46,23/4/2024,A4_6m,2,A0411,B,5,20/3/2025,0,Acropora spp.,A4_6m_2
47,23/4/2024,A4_6m,2,A0412,A,8,20/3/2025,1,Acropora spp.,A4_6m_2
48,23/4/2024,A4_6m,2,A0413,A,1,20/3/2025,1,Acropora spp.,A4_6m_2
49,23/4/2024,A4_6m,2,A0414,C,4,20/3/2025,1,Acropora spp.,A4_6m_2
50,23/4/2024,A4_6m,2,A0414,F,2,20/3/2025,0,Acropora spp.,A4_6m_2
51,22/4/2024,A4_6m,3,A0265,A,2,20/3/2025,1,Acropora spp.,A4_6m_3
52,22/4/2024,A4_6m,3,A0265,B,9,20/3/2025,1,Acropora spp.,A4_6m_3
53,22/4/2024,A4_6m,3,A0266,A,4,20/3/2025,1,Acropora spp.,A4_6m_3
54,22/4/2024,A4_6m,3,A0266,B,4,20/3/2025,1,Acropora spp.,A4_6m_3
55,22/4/2024,A4_6m,3,A0267,B,6,20/3/2025,1,Acropora spp.,A4_6m_3
56,22/4/2024,A4_6m,3,A0270,D,3,20/3/2025,1,Acropora spp.,A4_6m_3
57,22/4/2024,A4_6m,3,A0270,E,5,20/3/2025,1,Acropora spp.,A4_6m_3
58,22/4/2024,A4_6m,3,A0277,C,5,20/3/2025,1,Acropora spp.,A4_6m_3
59,22/4/2024,A4_6m,3,A0279,A,1,20/3/2025,1,Acropora spp.,A4_6m_3
60,22/4/2024,A4_6m,3,A0279,F,2,20/3/2025,1,Acropora spp.,A4_6m_3
61,22/4/2024,A4_6m,3,A0279,G,6,20/3/2025,1,Acropora spp.,A4_6m_3
62,22/4/2024,A4_6m,3,A0286,D,1,20/3/2025,1,Acropora spp.,A4_6m_3
63,22/4/2024,A4_6m,3,A0348,A,4,20/3/2025,1,Acropora spp.,A4_6m_3
64,22/4/2024,A4_6m,3,A0348,C,1,20/3/2025,0,Acropora spp.,A4_6m_3
65,22/4/2024,A4_6m,3,A0348,D,2,20/3/2025,0,Acropora spp.,A4_6m_3
66,22/4/2024,A4_6m,3,A0348,E,3,20/3/2025,0,Acropora spp.,A4_6m_3
67,22/4/2024,A4_6m,3,A0355,D,1,20/3/2025,0,Acropora spp.,A4_6m_3
68,22/4/2024,A4_6m,3,A0369,D,5,20/3/2025,0,Acropora spp.,A4_6m_3
69,22/4/2024,A4_6m,3,A0370,A,7,20/3/2025,1,Acropora spp.,A4_6m_3
70,22/4/2024,A4_6m,3,A0370,B,6,20/3/2025,1,Acropora spp.,A4_6m_3
71,22/4/2024,A4_6m,3,A0375,A,7,20/3/2025,1,Acropora spp.,A4_6m_3
72,22/4/2024,A4_6m,3,A0375,B,3,20/3/2025,0,Acropora spp.,A4_6m_3
73,22/4/2024,A4_6m,3,A0377,A,5,20/3/2025,1,Acropora spp.,A4_6m_3
74,22/4/2024,A4_6m,3,A0377,C,2,20/3/2025,1,Acropora spp.,A4_6m_3
75,22/4/2024,A4_6m,3,A0378,A,1,20/3/2025,0,Acropora spp.,A4_6m_3
76,22/4/2024,A4_6m,3,A0378,B,4,20/3/2025,1,Acropora spp.,A4_6m_3
77,22/4/2024,A4_6m,3,A0379,A,6,20/3/2025,1,Acropora spp.,A4_6m_3
78,22/4/2024,A4_6m,3,A0379,C,4,20/3/2025,1,Acropora spp.,A4_6m_3
79,16/4/2024,A5_6m,1,A0209,A,4,16/3/2025,0,Acropora spp.,A5_6m_1
80,16/4/2024,A5_6m,1,A0209,B,3,16/3/2025,0,Acropora spp.,A5_6m_1
81,16/4/2024,A5_6m,1,A0209,D,5.5,16/3/2025,1,Acropora spp.,A5_6m_1
82,16/4/2024,A5_6m,1,A0209,E,6,16/3/2025,0,Acropora spp.,A5_6m_1
83,16/4/2024,A5_6m,1,A0211,A,5,16/3/2025,1,Acropora spp.,A5_6m_1
84,16/4/2024,A5_6m,1,A0211,B,7,16/3/2025,1,Acropora spp.,A5_6m_1
85,16/4/2024,A5_6m,1,A0211,C,7,16/3/2025,1,Acropora spp.,A5_6m_1
86,16/4/2024,A5_6m,1,A0212,A,5,16/3/2025,0,Acropora spp.,A5_6m_1
87,16/4/2024,A5_6m,1,A0212,B,3,16/3/2025,0,Acropora spp.,A5_6m_1
88,16/4/2024,A5_6m,1,A0212,C,2,16/3/2025,0,Acropora spp.,A5_6m_1
89,16/4/2024,A5_6m,1,A0236,A,6,16/3/2025,1,Acropora spp.,A5_6m_1
90,16/4/2024,A5_6m,1,A0236,B,4,16/3/2025,1,Acropora spp.,A5_6m_1
91,17/4/2024,A5_6m,1,A0244,C,5,16/3/2025,0,Acropora spp.,A5_6m_1
92,16/4/2024,A5_6m,1,A0245,A,2,16/3/2025,1,Acropora spp.,A5_6m_1
93,16/4/2024,A5_6m,1,A0245,H,4,16/3/2025,0,Acropora spp.,A5_6m_1
94,16/4/2024,A5_6m,1,A0245,I,1,16/3/2025,0,Acropora spp.,A5_6m_1
95,16/4/2024,A5_6m,1,A0245,J,4,16/3/2025,0,Acropora spp.,A5_6m_1
96,16/4/2024,A5_6m,1,A0245,L,5,16/3/2025,1,Acropora spp.,A5_6m_1
97,17/4/2024,A5_6m,1,A0247,E,5,16/3/2025,0,Acropora spp.,A5_6m_1
98,17/4/2024,A5_6m,1,A0254,A,5,16/3/2025,1,Acropora spp.,A5_6m_1
99,17/4/2024,A5_6m,1,A0254,B,1.5,16/3/2025,0,Acropora spp.,A5_6m_1
100,17/4/2024,A5_6m,1,A0254,D,7,16/3/2025,1,Acropora spp.,A5_6m_1
101,17/4/2024,A5_6m,1,A0256,A,4.5,16/3/2025,0,Acropora spp.,A5_6m_1
102,17/4/2024,A5_6m,1,A0328,B,4,16/3/2025,1,Acropora spp.,A5_6m_1
103,17/4/2024,A5_6m,1,A0328,D,7,16/3/2025,1,Acropora spp.,A5_6m_1
104,17/4/2024,A5_6m,1,A0329,E,3,16/3/2025,1,Acropora spp.,A5_6m_1
105,17/4/2024,A5_6m,1,A0329,F,5,16/3/2025,1,Acropora spp.,A5_6m_1
106,16/4/2024,A5_6m,3,A0207,A,6,16/3/2025,0,Acropora spp.,A5_6m_3
107,16/4/2024,A5_6m,3,A0207,B,7,16/3/2025,1,Acropora spp.,A5_6m_3
108,16/4/2024,A5_6m,3,A0207,D,7,16/3/2025,1,Acropora spp.,A5_6m_3
109,16/4/2024,A5_6m,3,A0207,F,5,16/3/2025,0,Acropora spp.,A5_6m_3
110,16/4/2024,A5_6m,3,A0207,I,1,16/3/2025,0,Acropora spp.,A5_6m_3
111,16/4/2024,A5_6m,3,A0207,L,6,16/3/2025,0,Acropora spp.,A5_6m_3
112,17/4/2024,A5_6m,3,A0238,A,2,16/3/2025,0,Acropora spp.,A5_6m_3
113,17/4/2024,A5_6m,3,A0238,B,6,16/3/2025,1,Acropora spp.,A5_6m_3
114,17/4/2024,A5_6m,3,A0238,D,5,16/3/2025,1,Acropora spp.,A5_6m_3
115,16/4/2024,A5_6m,3,A0248,A,8,16/3/2025,1,Acropora spp.,A5_6m_3
116,17/4/2024,A5_6m,3,A0257,H,6,16/3/2025,1,Acropora spp.,A5_6m_3
117,17/4/2024,A5_6m,3,A0258,A,1,16/3/2025,0,Acropora spp.,A5_6m_3
118,17/4/2024,A5_6m,3,A0258,I,5,16/3/2025,0,Acropora spp.,A5_6m_3
119,17/4/2024,A5_6m,3,A0345,E,8,16/3/2025,1,Acropora spp.,A5_6m_3
120,17/4/2024,A5_6m,3,A0346,D,1,16/3/2025,0,Acropora spp.,A5_6m_3
121,17/4/2024,A5_6m,3,A0346,F,3,16/3/2025,1,Acropora spp.,A5_6m_3
122,17/4/2024,A5_6m,3,A0347,B,2,16/3/2025,0,Acropora spp.,A5_6m_3
123,17/4/2024,A5_6m,3,A0347,C,3,16/3/2025,1,Acropora spp.,A5_6m_3
124,21/4/2024,A7B,1,A0260,A,1.5,19/3/2025,0,Acropora spp.,A7B_1
125,18/4/2024,A7B,1,A0330,B,4,19/3/2025,1,Acropora spp.,A7B_1
126,18/4/2024,A7B,1,A0354,A,2,19/3/2025,0,Acropora spp.,A7B_1
127,18/4/2024,A7B,1,A0354,C,5,19/3/2025,0,Acropora spp.,A7B_1
128,18/4/2024,A7B,1,A0354,D,8,19/3/2025,0,Acropora spp.,A7B_1
129,18/4/2024,A7B,1,A0360,I,3,23/3/2025,0,Acropora spp.,A7B_1
130,21/4/2024,A7B,1,A0372,D,1,19/3/2025,1,Acropora spp.,A7B_1
131,18/4/2024,A7B,1,A0383,C,7,19/3/2025,1,Acropora spp.,A7B_1
132,18/4/2024,A7B,1,A0392,A,5,19/3/2025,1,Acropora spp.,A7B_1
133,20/4/2024,A7B,2,A0362,K,0.5,19/3/2025,0,Acropora spp.,A7B_2
134,20/4/2024,A7B,2,A0374,E,1,19/3/2025,1,Acropora spp.,A7B_2
135,18/4/2024,A7B,2,A0387,E,2,19/3/2025,1,Acropora spp.,A7B_2
136,20/4/2024,A7B,2,A0393,B,2,19/3/2025,1,Acropora spp.,A7B_2
137,20/4/2024,A7B,2,A0397,I,1,19/3/2025,0,Acropora spp.,A7B_2
138,20/4/2024,A7B,2,A0399,D,2,19/3/2025,0,Acropora spp.,A7B_2
139,13/4/2024,A8_6m,1,A0166,A,4,15/3/2025,0,Acropora spp.,A8_6m_1
140,13/4/2024,A8_6m,1,A0166,B,9,15/3/2025,0,Acropora spp.,A8_6m_1
141,13/4/2024,A8_6m,1,A0166,F,5,15/3/2025,1,Acropora spp.,A8_6m_1
142,13/4/2024,A8_6m,1,A0166,G,3,15/3/2025,1,Acropora spp.,A8_6m_1
143,14/4/2024,A8_6m,1,A0167,A,3,15/3/2025,0,Acropora spp.,A8_6m_1
144,14/4/2024,A8_6m,1,A0167,B,3,15/3/2025,0,Acropora spp.,A8_6m_1
145,14/4/2024,A8_6m,1,A0167,C,2,15/3/2025,1,Acropora spp.,A8_6m_1
146,14/4/2024,A8_6m,1,A0168,D,4,15/3/2025,1,Acropora spp.,A8_6m_1
147,14/4/2024,A8_6m,1,A0168,K,1,15/3/2025,1,Acropora spp.,A8_6m_1
148,13/4/2024,A8_6m,1,A0201,C,4,14/3/2025,1,Acropora spp.,A8_6m_1
149,13/4/2024,A8_6m,1,A0220,G,4.5,15/3/2025,1,Acropora spp.,A8_6m_1
150,13/4/2024,A8_6m,1,A0220,I,4,15/3/2025,0,Acropora spp.,A8_6m_1
151,13/4/2024,A8_6m,1,A0221,A,3,15/3/2025,0,Acropora spp.,A8_6m_1
152,14/4/2024,A8_6m,1,A0225,H,5,14/3/2025,1,Acropora spp.,A8_6m_1
153,14/4/2024,A8_6m,1,A0231,D,8,15/3/2025,1,Acropora spp.,A8_6m_1
154,14/4/2024,A8_6m,1,A0232,C,5,14/3/2025,1,Acropora spp.,A8_6m_1
155,14/4/2024,A8_6m,1,A0233,A,2,14/3/2025,1,Acropora spp.,A8_6m_1
156,14/4/2024,A8_6m,1,A0233,G,7,14/3/2025,1,Acropora spp.,A8_6m_1
157,13/4/2024,A8_6m,1,A0234,A,2.5,15/3/2025,0,Acropora spp.,A8_6m_1
158,13/4/2024,A8_6m,1,A0234,G,2,15/3/2025,1,Acropora spp.,A8_6m_1
159,13/4/2024,A8_6m,1,A0234,H,2,15/3/2025,1,Acropora spp.,A8_6m_1
160,13/4/2024,A8_6m,1,A0234,I,4,15/3/2025,1,Acropora spp.,A8_6m_1
161,13/4/2024,A8_6m,2,A0065,A,2,15/3/2025,1,Acropora spp.,A8_6m_2
162,13/4/2024,A8_6m,2,A0065,B,2,15/3/2025,1,Acropora spp.,A8_6m_2
163,13/4/2024,A8_6m,2,A0065,C,3,15/3/2025,1,Acropora spp.,A8_6m_2
164,13/4/2024,A8_6m,2,A0065,D,3,15/3/2025,1,Acropora spp.,A8_6m_2
165,13/4/2024,A8_6m,2,A0065,E,4,15/3/2025,1,Acropora spp.,A8_6m_2
166,13/4/2024,A8_6m,2,A0162,D,9,15/3/2025,1,Acropora spp.,A8_6m_2
167,13/4/2024,A8_6m,2,A0162,E,2,15/3/2025,0,Acropora spp.,A8_6m_2
168,13/4/2024,A8_6m,2,A0164,B,3,15/3/2025,1,Acropora spp.,A8_6m_2
169,13/4/2024,A8_6m,2,A0164,G,2,15/3/2025,0,Acropora spp.,A8_6m_2
170,13/4/2024,A8_6m,2,A0164,H,4,15/3/2025,0,Acropora spp.,A8_6m_2
171,13/4/2024,A8_6m,2,A0164,I,4,15/3/2025,1,Acropora spp.,A8_6m_2
172,14/4/2024,A8_6m,2,A0164,J,9,15/3/2025,0,Acropora spp.,A8_6m_2
173,14/4/2024,A8_6m,2,A0169,A,4,15/3/2025,1,Acropora spp.,A8_6m_2
174,14/4/2024,A8_6m,2,A0170,A,1,15/3/2025,1,Acropora spp.,A8_6m_2
175,14/4/2024,A8_6m,2,A0170,B,5,15/3/2025,1,Acropora spp.,A8_6m_2
176,14/4/2024,A8_6m,2,A0170,C,4,15/3/2025,1,Acropora spp.,A8_6m_2
177,14/4/2024,A8_6m,2,A0171,I,1,15/3/2025,0,Acropora spp.,A8_6m_2
178,14/4/2024,A8_6m,2,A0227,A,5,15/3/2025,1,Acropora spp.,A8_6m_2
179,13/4/2024,A8_6m,2,A0228,A,2.5,15/3/2025,0,Acropora spp.,A8_6m_2
180,13/4/2024,A8_6m,2,A0228,B,5.5,15/3/2025,1,Acropora spp.,A8_6m_2
181,14/4/2024,A8_6m,2,A0229,C,2,15/3/2025,1,Acropora spp.,A8_6m_2
182,14/4/2024,A8_6m,2,A0229,D,1,15/3/2025,1,Acropora spp.,A8_6m_2
183,14/4/2024,A8_6m,2,A0229,E,2,15/3/2025,0,Acropora spp.,A8_6m_2
184,14/4/2024,A8_6m,2,A0229,F,5,15/3/2025,1,Acropora spp.,A8_6m_2
185,14/4/2024,A8_6m,2,A0230,B,2,15/3/2025,1,Acropora spp.,A8_6m_2
186,14/4/2024,A8_6m,2,A0230,C,1,15/3/2025,0,Acropora spp.,A8_6m_2
187,14/4/2024,A8_6m,2,A0230,E,3,15/3/2025,0,Acropora spp.,A8_6m_2
188,14/4/2024,A8_6m,2,A0230,F,4,15/3/2025,0,Acropora spp.,A8_6m_2
189,13/4/2024,A8_6m,2,A0235,B,5,15/3/2025,1,Acropora spp.,A8_6m_2
190,13/4/2024,A8_6m,2,A0235,C,1.5,15/3/2025,0,Acropora spp.,A8_6m_2
191,13/4/2024,A8_6m,2,A0235,E,1.5,15/3/2025,0,Acropora spp.,A8_6m_2
192,13/4/2024,A8_6m,2,A0235,H,2.6,15/3/2025,1,Acropora spp.,A8_6m_2
193,13/4/2024,A8_6m,2,A0235,J,8,15/3/2025,1,Acropora spp.,A8_6m_2
194,15/4/2024,A1_6m,1,A0174,D,6,17/3/2025,1,Isopora spp.,A1_6m_1
195,15/4/2024,A1_6m,3,A0173,B,6,17/3/2025,0,Isopora spp.,A1_6m_3
196,15/4/2024,A1_6m,3,A0197,B,8,17/3/2025,1,Isopora spp.,A1_6m_3
197,15/4/2024,A1_6m,3,A0214,C,2,17/3/2025,0,Isopora spp.,A1_6m_3
198,15/4/2024,A1_6m,3,A0219,D,4,17/3/2025,1,Isopora spp.,A1_6m_3
199,22/4/2024,A4_6m,3,A0355,B,5,20/3/2025,1,Isopora spp.,A4_6m_3
200,17/4/2024,A5_6m,1,A0256,B,3,16/3/2025,0,Isopora spp.,A5_6m_1
201,21/4/2024,A7B,1,A0259,F,5,19/3/2025,1,Isopora spp.,A7B_1
202,18/4/2024,A7B,1,A0356,A,6,19/3/2025,1,Isopora spp.,A7B_1
203,18/4/2024,A7B,1,A0356,B,5,19/3/2025,1,Isopora spp.,A7B_1
204,21/4/2024,A7B,1,A0371,D,4,19/3/2025,0,Isopora spp.,A7B_1
205,21/4/2024,A7B,1,A0371,G,0.3,19/3/2025,0,Isopora spp.,A7B_1
206,18/4/2024,A7B,1,A0382,D,4,19/3/2025,1,Isopora spp.,A7B_1
207,18/4/2024,A7B,1,A0382,I,8,19/3/2025,1,Isopora spp.,A7B_1
208,18/4/2024,A7B,1,A0394,A,2,19/3/2025,1,Isopora spp.,A7B_1
209,18/4/2024,A7B,1,A0394,B,5,19/3/2025,1,Isopora spp.,A7B_1
210,18/4/2024,A7B,1,A0394,C,9,19/3/2025,1,Isopora spp.,A7B_1
211,18/4/2024,A7B,2,A0290,F,8,19/3/2025,1,Isopora spp.,A7B_2
212,20/4/2024,A7B,2,A0362,C,8,19/3/2025,1,Isopora spp.,A7B_2
213,20/4/2024,A7B,2,A0368,A,3,19/3/2025,1,Isopora spp.,A7B_2
214,20/4/2024,A7B,2,A0373,B,4,19/3/2025,1,Isopora spp.,A7B_2
215,20/4/2024,A7B,2,A0373,C,7,19/3/2025,1,Isopora spp.,A7B_2
216,20/4/2024,A7B,2,A0374,F,5,19/3/2025,1,Isopora spp.,A7B_2
217,21/4/2024,A7B,2,A0381,B,1.5,19/3/2025,0,Isopora spp.,A7B_2
218,18/4/2024,A7B,2,A0388,D,3,19/3/2025,1,Isopora spp.,A7B_2
219,20/4/2024,A7B,2,A0390,A,2,19/3/2025,1,Isopora spp.,A7B_2
220,20/4/2024,A7B,2,A0390,F,3,19/3/2025,1,Isopora spp.,A7B_2
221,20/4/2024,A7B,2,A0391,A,2,19/3/2025,0,Isopora spp.,A7B_2
222,20/4/2024,A7B,2,A0393,A,3,19/3/2025,1,Isopora spp.,A7B_2
223,20/4/2024,A7B,2,A0397,A,1,19/3/2025,0,Isopora spp.,A7B_2
224,20/4/2024,A7B,2,A0397,F,0.5,19/3/2025,0,Isopora spp.,A7B_2
225,20/4/2024,A7B,2,A0397,G,2,19/3/2025,0,Isopora spp.,A7B_2
226,20/4/2024,A7B,2,A0399,A,8,19/3/2025,1,Isopora spp.,A7B_2
227,20/4/2024,A7B,2,A0399,H,3,19/3/2025,0,Isopora spp.,A7B_2
228,14/4/2024,A8_6m,1,A0168,I,3,15/3/2025,1,Isopora spp.,A8_6m_1
229,14/4/2024,A8_6m,1,A0168,L,8,15/3/2025,1,Isopora spp.,A8_6m_1
230,13/4/2024,A8_6m,1,A0201,D,5,14/3/2025,1,Isopora spp.,A8_6m_1
231,13/4/2024,A8_6m,1,A0202,C,8,14/3/2025,0,Isopora spp.,A8_6m_1
232,14/4/2024,A8_6m,1,A0225,A,9,14/3/2025,1,Isopora spp.,A8_6m_1
233,14/4/2024,A8_6m,1,A0231,B,4.5,14/3/2025,1,Isopora spp.,A8_6m_1
234,14/4/2024,A8_6m,1,A0232,A,6,14/3/2025,1,Isopora spp.,A8_6m_1
235,14/4/2024,A8_6m,2,A0171,C,3,15/3/2025,1,Isopora spp.,A8_6m_2
236,14/4/2024,A8_6m,2,A0171,G,5,15/3/2025,1,Isopora spp.,A8_6m_2
237,13/4/2024,A8_6m,2,A0235,A,5,15/3/2025,1,Isopora spp.,A8_6m_2
238,15/4/2024,A1_6m,1,A0176,D,6,17/3/2025,0,Pocillopora spp.,A1_6m_1
239,15/4/2024,A1_6m,1,A0216,E,6,17/3/2025,1,Pocillopora spp.,A1_6m_1
240,15/4/2024,A1_6m,1,A0240,B,3,17/3/2025,0,Pocillopora spp.,A1_6m_1
241,15/4/2024,A1_6m,3,A0173,J,4,17/3/2025,1,Pocillopora spp.,A1_6m_3
242,15/4/2024,A1_6m,3,A0197,J,6,17/3/2025,1,Pocillopora spp.,A1_6m_3
243,23/4/2024,A4_6m,2,A0274,A,8,20/3/2025,1,Pocillopora spp.,A4_6m_2
244,23/4/2024,A4_6m,2,A0274,J,6,20/3/2025,1,Pocillopora spp.,A4_6m_2
245,23/4/2024,A4_6m,2,A0276,A,1,20/3/2025,0,Pocillopora spp.,A4_6m_2
246,23/4/2024,A4_6m,2,A0284,A,6,20/3/2025,1,Pocillopora spp.,A4_6m_2
247,23/4/2024,A4_6m,2,A0287,A,2,20/3/2025,1,Pocillopora spp.,A4_6m_2
248,23/4/2024,A4_6m,2,A0409,E,2,20/3/2025,1,Pocillopora spp.,A4_6m_2
249,23/4/2024,A4_6m,2,A0409,H,3,20/3/2025,1,Pocillopora spp.,A4_6m_2
250,23/4/2024,A4_6m,2,A0412,C,4,20/3/2025,1,Pocillopora spp.,A4_6m_2
251,22/4/2024,A4_6m,3,A0265,D,2,20/3/2025,1,Pocillopora spp.,A4_6m_3
252,22/4/2024,A4_6m,3,A0265,E,4,20/3/2025,1,Pocillopora spp.,A4_6m_3
253,22/4/2024,A4_6m,3,A0266,C,0.5,20/3/2025,0,Pocillopora spp.,A4_6m_3
254,22/4/2024,A4_6m,3,A0266,E,1.5,20/3/2025,1,Pocillopora spp.,A4_6m_3
255,22/4/2024,A4_6m,3,A0270,A,4,20/3/2025,0,Pocillopora spp.,A4_6m_3
256,22/4/2024,A4_6m,3,A0278,A,2,20/3/2025,1,Pocillopora spp.,A4_6m_3
257,22/4/2024,A4_6m,3,A0279,B,2,20/3/2025,1,Pocillopora spp.,A4_6m_3
258,22/4/2024,A4_6m,3,A0279,E,7,20/3/2025,1,Pocillopora spp.,A4_6m_3
259,22/4/2024,A4_6m,3,A0286,B,1.5,20/3/2025,0,Pocillopora spp.,A4_6m_3
260,22/4/2024,A4_6m,3,A0348,F,7,20/3/2025,0,Pocillopora spp.,A4_6m_3
261,22/4/2024,A4_6m,3,A0348,G,8,20/3/2025,1,Pocillopora spp.,A4_6m_3
262,22/4/2024,A4_6m,3,A0355,C,6,20/3/2025,0,Pocillopora spp.,A4_6m_3
263,22/4/2024,A4_6m,3,A0369,F,9,20/3/2025,1,Pocillopora spp.,A4_6m_3
264,22/4/2024,A4_6m,3,A0377,B,2,20/3/2025,1,Pocillopora spp.,A4_6m_3
265,16/4/2024,A5_6m,1,A0209,C,7.5,16/3/2025,1,Pocillopora spp.,A5_6m_1
266,16/4/2024,A5_6m,1,A0210,A,3,16/3/2025,0,Pocillopora spp.,A5_6m_1
267,16/4/2024,A5_6m,1,A0210,B,4,16/3/2025,0,Pocillopora spp.,A5_6m_1
268,16/4/2024,A5_6m,1,A0245,B,2,16/3/2025,0,Pocillopora spp.,A5_6m_1
269,17/4/2024,A5_6m,1,A0255,A,2,16/3/2025,1,Pocillopora spp.,A5_6m_1
270,17/4/2024,A5_6m,1,A0255,C,9,16/3/2025,1,Pocillopora spp.,A5_6m_1
271,17/4/2024,A5_6m,1,A0255,E,2.5,16/3/2025,0,Pocillopora spp.,A5_6m_1
272,17/4/2024,A5_6m,1,A0255,F,4,16/3/2025,1,Pocillopora spp.,A5_6m_1
273,17/4/2024,A5_6m,1,A0328,A,2,16/3/2025,1,Pocillopora spp.,A5_6m_1
274,17/4/2024,A5_6m,1,A0328,E,2,16/3/2025,0,Pocillopora spp.,A5_6m_1
275,17/4/2024,A5_6m,1,A0329,B,9,16/3/2025,0,Pocillopora spp.,A5_6m_1
276,17/4/2024,A5_6m,1,A0329,C,4,16/3/2025,0,Pocillopora spp.,A5_6m_1
277,16/4/2024,A5_6m,3,A0207,H,3,16/3/2025,0,Pocillopora spp.,A5_6m_3
278,16/4/2024,A5_6m,3,A0248,B,9,16/3/2025,1,Pocillopora spp.,A5_6m_3
279,16/4/2024,A5_6m,3,A0248,D,3,16/3/2025,1,Pocillopora spp.,A5_6m_3
280,16/4/2024,A5_6m,3,A0248,F,3,16/3/2025,1,Pocillopora spp.,A5_6m_3
281,16/4/2024,A5_6m,3,A0249,A,4,16/3/2025,1,Pocillopora spp.,A5_6m_3
282,17/4/2024,A5_6m,3,A0257,B,7,16/3/2025,0,Pocillopora spp.,A5_6m_3
283,17/4/2024,A5_6m,3,A0257,I,9.5,16/3/2025,1,Pocillopora spp.,A5_6m_3
284,17/4/2024,A5_6m,3,A0257,J,3.5,16/3/2025,1,Pocillopora spp.,A5_6m_3
285,17/4/2024,A5_6m,3,A0258,F,6,16/3/2025,1,Pocillopora spp.,A5_6m_3
286,17/4/2024,A5_6m,3,A0258,G,7,16/3/2025,0,Pocillopora spp.,A5_6m_3
287,17/4/2024,A5_6m,3,A0258,H,4,16/3/2025,1,Pocillopora spp.,A5_6m_3
288,17/4/2024,A5_6m,3,A0345,F,2,16/3/2025,0,Pocillopora spp.,A5_6m_3
289,17/4/2024,A5_6m,3,A0346,C,2,16/3/2025,0,Pocillopora spp.,A5_6m_3
290,17/4/2024,A5_6m,3,A0351,A,2,16/3/2025,0,Pocillopora spp.,A5_6m_3
291,18/4/2024,A7B,1,A0383,B,7,19/3/2025,1,Pocillopora spp.,A7B_1
292,18/4/2024,A7B,1,A0400,A,4,19/3/2025,1,Pocillopora spp.,A7B_1
293,20/4/2024,A7B,2,A0397,B,1,19/3/2025,0,Pocillopora spp.,A7B_2
294,13/4/2024,A8_6m,1,A0166,E,3,15/3/2025,1,Pocillopora spp.,A8_6m_1
295,13/4/2024,A8_6m,1,A0168,A,5,15/3/2025,0,Pocillopora spp.,A8_6m_1
296,13/4/2024,A8_6m,1,A0201,A,4,14/3/2025,0,Pocillopora spp.,A8_6m_1
297,13/4/2024,A8_6m,1,A0202,A,5,14/3/2025,1,Pocillopora spp.,A8_6m_1
298,13/4/2024,A8_6m,1,A0220,F,7,15/3/2025,1,Pocillopora spp.,A8_6m_1
299,14/4/2024,A8_6m,1,A0225,E,2,14/3/2025,0,Pocillopora spp.,A8_6m_1
300,14/4/2024,A8_6m,1,A0233,C,4,14/3/2025,0,Pocillopora spp.,A8_6m_1
301,13/4/2024,A8_6m,1,A0234,E,3.5,15/3/2025,1,Pocillopora spp.,A8_6m_1
302,13/4/2024,A8_6m,2,A0164,D,4,15/3/2025,1,Pocillopora spp.,A8_6m_2
303,14/4/2024,A8_6m,2,A0169,C,5,15/3/2025,1,Pocillopora spp.,A8_6m_2
304,14/4/2024,A8_6m,2,A0171,F,7,15/3/2025,0,Pocillopora spp.,A8_6m_2
305,14/4/2024,A8_6m,2,A0229,B,4,15/3/2025,1,Pocillopora spp.,A8_6m_2
306,15/4/2024,A1_6m,1,A0174,A,3,17/3/2025,1,Goniastrea spp.,A1_6m_1
307,15/4/2024,A1_6m,1,A0176,C,5.5,17/3/2025,1,Goniastrea spp.,A1_6m_1
308,15/4/2024,A1_6m,1,A0183,G,5,17/3/2025,1,Goniastrea spp.,A1_6m_1
309,15/4/2024,A1_6m,1,A0213,G,4,17/3/2025,1,Goniastrea spp.,A1_6m_1
310,15/4/2024,A1_6m,1,A0217,A,6,17/3/2025,1,Goniastrea spp.,A1_6m_1
311,15/4/2024,A1_6m,1,A0217,C,1,17/3/2025,1,Goniastrea spp.,A1_6m_1
312,15/4/2024,A1_6m,1,A0217,D,2.5,17/3/2025,1,Goniastrea spp.,A1_6m_1
313,15/4/2024,A1_6m,1,A0237,B,1.5,17/3/2025,1,Goniastrea spp.,A1_6m_1
314,15/4/2024,A1_6m,1,A0241,D,6,17/3/2025,1,Goniastrea spp.,A1_6m_1
315,15/4/2024,A1_6m,3,A0173,D,6,17/3/2025,1,Goniastrea spp.,A1_6m_3
316,15/4/2024,A1_6m,3,A0197,L,4,17/3/2025,1,Goniastrea spp.,A1_6m_3
317,15/4/2024,A1_6m,3,A0214,D,2,17/3/2025,1,Goniastrea spp.,A1_6m_3
318,15/4/2024,A1_6m,3,A0215,D,3,17/3/2025,1,Goniastrea spp.,A1_6m_3
319,23/4/2024,A4_6m,2,A0276,B,2,20/3/2025,1,Goniastrea spp.,A4_6m_2
320,23/4/2024,A4_6m,2,A0284,I,4,20/3/2025,1,Goniastrea spp.,A4_6m_2
321,23/4/2024,A4_6m,2,A0410,A,3,20/3/2025,1,Goniastrea spp.,A4_6m_2
322,23/4/2024,A4_6m,2,A0410,B,8,20/3/2025,0,Goniastrea spp.,A4_6m_2
323,23/4/2024,A4_6m,2,A0410,C,3,20/3/2025,0,Goniastrea spp.,A4_6m_2
324,23/4/2024,A4_6m,2,A0411,C,5,20/3/2025,1,Goniastrea spp.,A4_6m_2
325,23/4/2024,A4_6m,2,A0412,B,2,20/3/2025,1,Goniastrea spp.,A4_6m_2
326,23/4/2024,A4_6m,2,A0414,D,6,20/3/2025,1,Goniastrea spp.,A4_6m_2
327,22/4/2024,A4_6m,3,A0270,B,4,20/3/2025,0,Goniastrea spp.,A4_6m_3
328,22/4/2024,A4_6m,3,A0270,C,6,20/3/2025,1,Goniastrea spp.,A4_6m_3
329,22/4/2024,A4_6m,3,A0277,B,2,20/3/2025,1,Goniastrea spp.,A4_6m_3
330,22/4/2024,A4_6m,3,A0277,D,5,20/3/2025,0,Goniastrea spp.,A4_6m_3
331,22/4/2024,A4_6m,3,A0278,C,7,20/3/2025,1,Goniastrea spp.,A4_6m_3
332,22/4/2024,A4_6m,3,A0279,C,5,20/3/2025,1,Goniastrea spp.,A4_6m_3
333,22/4/2024,A4_6m,3,A0279,D,4,20/3/2025,1,Goniastrea spp.,A4_6m_3
334,22/4/2024,A4_6m,3,A0286,A,5,20/3/2025,1,Goniastrea spp.,A4_6m_3
335,22/4/2024,A4_6m,3,A0348,B,3,20/3/2025,1,Goniastrea spp.,A4_6m_3
336,22/4/2024,A4_6m,3,A0355,A,1,20/3/2025,1,Goniastrea spp.,A4_6m_3
337,22/4/2024,A4_6m,3,A0369,B,5,20/3/2025,1,Goniastrea spp.,A4_6m_3
338,22/4/2024,A4_6m,3,A0369,C,7,20/3/2025,1,Goniastrea spp.,A4_6m_3
339,22/4/2024,A4_6m,3,A0369,E,7,20/3/2025,0,Goniastrea spp.,A4_6m_3
340,17/4/2024,A5_6m,3,A0346,E,5,16/3/2025,1,Goniastrea spp.,A5_6m_3
341,17/4/2024,A5_6m,3,A0347,D,3,16/3/2025,1,Goniastrea spp.,A5_6m_3
342,21/4/2024,A7B,1,A0259,A,7,19/3/2025,1,Goniastrea spp.,A7B_1
343,21/4/2024,A7B,1,A0259,B,4.5,19/3/2025,1,Goniastrea spp.,A7B_1
344,18/4/2024,A7B,1,A0354,B,2,19/3/2025,0,Goniastrea spp.,A7B_1
345,18/4/2024,A7B,1,A0360,D,3.5,23/3/2025,1,Goniastrea spp.,A7B_1
346,21/4/2024,A7B,1,A0371,E,4,19/3/2025,1,Goniastrea spp.,A7B_1
347,18/4/2024,A7B,1,A0382,G,3,19/3/2025,0,Goniastrea spp.,A7B_1
348,18/4/2024,A7B,1,A0394,E,3,19/3/2025,0,Goniastrea spp.,A7B_1
349,18/4/2024,A7B,1,A0394,J,2,19/3/2025,1,Goniastrea spp.,A7B_1
350,18/4/2024,A7B,2,A0290,A,5,19/3/2025,1,Goniastrea spp.,A7B_2
351,18/4/2024,A7B,2,A0290,C,2,19/3/2025,1,Goniastrea spp.,A7B_2
352,18/4/2024,A7B,2,A0290,D,4,19/3/2025,1,Goniastrea spp.,A7B_2
353,18/4/2024,A7B,2,A0290,E,4,19/3/2025,1,Goniastrea spp.,A7B_2
354,18/4/2024,A7B,2,A0358,A,2,19/3/2025,1,Goniastrea spp.,A7B_2
355,20/4/2024,A7B,2,A0362,B,2,19/3/2025,1,Goniastrea spp.,A7B_2
356,20/4/2024,A7B,2,A0362,E,3,19/3/2025,1,Goniastrea spp.,A7B_2
357,20/4/2024,A7B,2,A0374,C,7,19/3/2025,1,Goniastrea spp.,A7B_2
358,21/4/2024,A7B,2,A0381,A,6,19/3/2025,1,Goniastrea spp.,A7B_2
359,18/4/2024,A7B,2,A0387,A,1,19/3/2025,0,Goniastrea spp.,A7B_2
360,18/4/2024,A7B,2,A0387,B,2,19/3/2025,1,Goniastrea spp.,A7B_2
361,18/4/2024,A7B,2,A0388,A,5,19/3/2025,1,Goniastrea spp.,A7B_2
362,20/4/2024,A7B,2,A0399,B,3,19/3/2025,1,Goniastrea spp.,A7B_2
363,13/4/2024,A8_6m,1,A0221,B,2.5,15/3/2025,0,Goniastrea spp.,A8_6m_1
364,14/4/2024,A8_6m,1,A0225,G,7,14/3/2025,1,Goniastrea spp.,A8_6m_1
365,14/4/2024,A8_6m,1,A0233,D,2,14/3/2025,0,Goniastrea spp.,A8_6m_1
366,13/4/2024,A8_6m,1,A0234,F,5,15/3/2025,1,Goniastrea spp.,A8_6m_1
367,13/4/2024,A8_6m,2,A0162,A,4,15/3/2025,1,Goniastrea spp.,A8_6m_2
368,14/4/2024,A8_6m,2,A0170,D,5,15/3/2025,1,Goniastrea spp.,A8_6m_2
369,14/4/2024,A8_6m,2,A0171,A,2,15/3/2025,1,Goniastrea spp.,A8_6m_2
370,14/4/2024,A8_6m,2,A0171,J,6,15/3/2025,0,Goniastrea spp.,A8_6m_2
371,13/4/2024,A8_6m,2,A0228,C,1.5,15/3/2025,1,Goniastrea spp.,A8_6m_2
372,13/4/2024,A8_6m,2,A0228,D,5,15/3/2025,1,Goniastrea spp.,A8_6m_2
373,14/4/2024,A8_6m,2,A0229,A,4,15/3/2025,0,Goniastrea spp.,A8_6m_2
374,15/4/2024,A1_6m,1,A0183,C,8,17/3/2025,1,Porites spp.,A1_6m_1
375,15/4/2024,A1_6m,1,A0206,A,4,17/3/2025,1,Porites spp.,A1_6m_1
376,15/4/2024,A1_6m,1,A0206,D,2,17/3/2025,1,Porites spp.,A1_6m_1
377,15/4/2024,A1_6m,1,A0213,C,2,17/3/2025,0,Porites spp.,A1_6m_1
378,15/4/2024,A1_6m,1,A0213,E,7,17/3/2025,0,Porites spp.,A1_6m_1
379,15/4/2024,A1_6m,1,A0216,A,2,17/3/2025,0,Porites spp.,A1_6m_1
380,15/4/2024,A1_6m,1,A0216,B,3,17/3/2025,1,Porites spp.,A1_6m_1
381,15/4/2024,A1_6m,1,A0216,D,3,17/3/2025,0,Porites spp.,A1_6m_1
382,15/4/2024,A1_6m,1,A0218,B,7,17/3/2025,1,Porites spp.,A1_6m_1
383,15/4/2024,A1_6m,1,A0218,F,2.5,17/3/2025,0,Porites spp.,A1_6m_1
384,15/4/2024,A1_6m,1,A0226,B,4,17/3/2025,1,Porites spp.,A1_6m_1
385,15/4/2024,A1_6m,1,A0226,C,4,17/3/2025,1,Porites spp.,A1_6m_1
386,15/4/2024,A1_6m,1,A0240,A,3,17/3/2025,1,Porites spp.,A1_6m_1
387,15/4/2024,A1_6m,1,A0242,D,3,17/3/2025,0,Porites spp.,A1_6m_1
388,15/4/2024,A1_6m,1,A0243,B,1,17/3/2025,1,Porites spp.,A1_6m_1
389,15/4/2024,A1_6m,3,A0197,A,4,17/3/2025,1,Porites spp.,A1_6m_3
390,15/4/2024,A1_6m,3,A0214,E,2,17/3/2025,0,Porites spp.,A1_6m_3
391,15/4/2024,A1_6m,3,A0219,C,1.5,17/3/2025,1,Porites spp.,A1_6m_3
392,15/4/2024,A1_6m,3,A0219,G,4,17/3/2025,0,Porites spp.,A1_6m_3
393,23/4/2024,A4_6m,2,A0274,E,2.5,20/3/2025,0,Porites spp.,A4_6m_2
394,23/4/2024,A4_6m,2,A0274,F,3,20/3/2025,0,Porites spp.,A4_6m_2
395,23/4/2024,A4_6m,2,A0274,G,3,20/3/2025,0,Porites spp.,A4_6m_2
396,23/4/2024,A4_6m,2,A0275,A,2,20/3/2025,0,Porites spp.,A4_6m_2
397,23/4/2024,A4_6m,2,A0284,D,2,20/3/2025,1,Porites spp.,A4_6m_2
398,23/4/2024,A4_6m,2,A0284,F,2,20/3/2025,1,Porites spp.,A4_6m_2
399,23/4/2024,A4_6m,2,A0288,A,2,20/3/2025,0,Porites spp.,A4_6m_2
400,23/4/2024,A4_6m,2,A0411,D,3,20/3/2025,1,Porites spp.,A4_6m_2
401,23/4/2024,A4_6m,2,A0411,E,1,20/3/2025,0,Porites spp.,A4_6m_2
402,23/4/2024,A4_6m,2,A0413,B,1.5,20/3/2025,0,Porites spp.,A4_6m_2
403,22/4/2024,A4_6m,3,A0270,F,3,20/3/2025,0,Porites spp.,A4_6m_3
404,22/4/2024,A4_6m,3,A0286,C,3,20/3/2025,0,Porites spp.,A4_6m_3
405,22/4/2024,A4_6m,3,A0369,G,8,20/3/2025,1,Porites spp.,A4_6m_3
406,16/4/2024,A5_6m,1,A0211,D,7,16/3/2025,1,Porites spp.,A5_6m_1
407,17/4/2024,A5_6m,1,A0244,A,4,16/3/2025,1,Porites spp.,A5_6m_1
408,16/4/2024,A5_6m,1,A0245,G,3,16/3/2025,0,Porites spp.,A5_6m_1
409,17/4/2024,A5_6m,1,A0247,A,5,16/3/2025,0,Porites spp.,A5_6m_1
410,17/4/2024,A5_6m,1,A0247,B,2,17/3/2025,0,Porites spp.,A5_6m_1
411,17/4/2024,A5_6m,1,A0247,D,6,19/3/2025,1,Porites spp.,A5_6m_1
412,17/4/2024,A5_6m,1,A0255,D,3,16/3/2025,1,Porites spp.,A5_6m_1
413,17/4/2024,A5_6m,1,A0256,I,3,16/3/2025,0,Porites spp.,A5_6m_1
414,17/4/2024,A5_6m,1,A0329,D,3,16/3/2025,0,Porites spp.,A5_6m_1
415,17/4/2024,A5_6m,1,A0329,H,3,16/3/2025,1,Porites spp.,A5_6m_1
416,16/4/2024,A5_6m,3,A0207,C,6,16/3/2025,1,Porites spp.,A5_6m_3
417,16/4/2024,A5_6m,3,A0207,J,2,16/3/2025,0,Porites spp.,A5_6m_3
418,16/4/2024,A5_6m,3,A0207,K,1,16/3/2025,0,Porites spp.,A5_6m_3
419,16/4/2024,A5_6m,3,A0207,M,5,16/3/2025,0,Porites spp.,A5_6m_3
420,16/4/2024,A5_6m,3,A0249,B,4,16/3/2025,1,Porites spp.,A5_6m_3
421,17/4/2024,A5_6m,3,A0257,D,2,16/3/2025,0,Porites spp.,A5_6m_3
422,17/4/2024,A5_6m,3,A0257,E,1,16/3/2025,0,Porites spp.,A5_6m_3
423,17/4/2024,A5_6m,3,A0257,K,1,16/3/2025,0,Porites spp.,A5_6m_3
424,17/4/2024,A5_6m,3,A0258,C,6,16/3/2025,1,Porites spp.,A5_6m_3
425,17/4/2024,A5_6m,3,A0258,J,2,16/3/2025,0,Porites spp.,A5_6m_3
426,17/4/2024,A5_6m,3,A0345,A,3,16/3/2025,1,Porites spp.,A5_6m_3
427,17/4/2024,A5_6m,3,A0345,C,2,16/3/2025,0,Porites spp.,A5_6m_3
428,17/4/2024,A5_6m,3,A0345,G,5,16/3/2025,1,Porites spp.,A5_6m_3
429,17/4/2024,A5_6m,3,A0345,H,4,16/3/2025,0,Porites spp.,A5_6m_3
430,17/4/2024,A5_6m,3,A0346,B,5,16/3/2025,0,Porites spp.,A5_6m_3
431,17/4/2024,A5_6m,3,A0346,G,4,16/3/2025,1,Porites spp.,A5_6m_3
432,17/4/2024,A5_6m,3,A0347,A,4,16/3/2025,1,Porites spp.,A5_6m_3
433,17/4/2024,A5_6m,3,A0350,A,4,16/3/2025,1,Porites spp.,A5_6m_3
434,17/4/2024,A5_6m,3,A0350,B,5,16/3/2025,1,Porites spp.,A5_6m_3
435,21/4/2024,A7B,1,A0259,D,4,19/3/2025,1,Porites spp.,A7B_1
436,21/4/2024,A7B,1,A0259,E,5,19/3/2025,1,Porites spp.,A7B_1
437,21/4/2024,A7B,1,A0259,G,2,19/3/2025,1,Porites spp.,A7B_1
438,21/4/2024,A7B,1,A0259,H,3,19/3/2025,1,Porites spp.,A7B_1
439,18/4/2024,A7B,1,A0354,E,6,19/3/2025,0,Porites spp.,A7B_1
440,18/4/2024,A7B,1,A0360,B,0.5,23/3/2025,0,Porites spp.,A7B_1
441,18/4/2024,A7B,1,A0360,F,1.5,23/3/2025,0,Porites spp.,A7B_1
442,18/4/2024,A7B,1,A0360,G,1,23/3/2025,0,Porites spp.,A7B_1
443,18/4/2024,A7B,1,A0360,H,1,23/3/2025,0,Porites spp.,A7B_1
444,18/4/2024,A7B,1,A0360,J,7,23/3/2025,1,Porites spp.,A7B_1
445,18/4/2024,A7B,1,A0360,K,1.5,23/3/2025,0,Porites spp.,A7B_1
446,18/4/2024,A7B,1,A0360,L,7,23/3/2025,0,Porites spp.,A7B_1
447,18/4/2024,A7B,1,A0360,P,2,23/3/2025,0,Porites spp.,A7B_1
448,21/4/2024,A7B,1,A0371,A,1.5,19/3/2025,1,Porites spp.,A7B_1
449,21/4/2024,A7B,1,A0371,B,1,19/3/2025,1,Porites spp.,A7B_1
450,21/4/2024,A7B,1,A0372,A,5,19/3/2025,0,Porites spp.,A7B_1
451,21/4/2024,A7B,1,A0372,B,8,19/3/2025,1,Porites spp.,A7B_1
452,18/4/2024,A7B,1,A0382,B,1,19/3/2025,0,Porites spp.,A7B_1
453,18/4/2024,A7B,1,A0389,A,3,19/3/2025,1,Porites spp.,A7B_1
454,18/4/2024,A7B,1,A0389,B,2,19/3/2025,0,Porites spp.,A7B_1
455,18/4/2024,A7B,1,A0392,B,3,19/3/2025,1,Porites spp.,A7B_1
456,18/4/2024,A7B,1,A0394,F,2,19/3/2025,0,Porites spp.,A7B_1
457,18/4/2024,A7B,1,A0394,G,4,19/3/2025,1,Porites spp.,A7B_1
458,18/4/2024,A7B,1,A0394,H,9,19/3/2025,1,Porites spp.,A7B_1
459,18/4/2024,A7B,1,A0396,A,2,19/3/2025,1,Porites spp.,A7B_1
460,18/4/2024,A7B,1,A0396,B,2,19/3/2025,1,Porites spp.,A7B_1
461,18/4/2024,A7B,2,A0358,B,3,19/3/2025,1,Porites spp.,A7B_2
462,20/4/2024,A7B,2,A0362,D,5,19/3/2025,1,Porites spp.,A7B_2
463,20/4/2024,A7B,2,A0362,G,4,19/3/2025,0,Porites spp.,A7B_2
464,20/4/2024,A7B,2,A0373,A,7,19/3/2025,1,Porites spp.,A7B_2
465,20/4/2024,A7B,2,A0373,E,0.5,19/3/2025,0,Porites spp.,A7B_2
466,20/4/2024,A7B,2,A0373,G,3,19/3/2025,1,Porites spp.,A7B_2
467,20/4/2024,A7B,2,A0374,D,5,19/3/2025,1,Porites spp.,A7B_2
468,18/4/2024,A7B,2,A0387,C,1,19/3/2025,0,Porites spp.,A7B_2
469,18/4/2024,A7B,2,A0387,F,1.5,19/3/2025,1,Porites spp.,A7B_2
470,18/4/2024,A7B,2,A0388,E,6,19/3/2025,1,Porites spp.,A7B_2
471,20/4/2024,A7B,2,A0390,D,1,19/3/2025,0,Porites spp.,A7B_2
472,20/4/2024,A7B,2,A0390,E,3,19/3/2025,0,Porites spp.,A7B_2
473,20/4/2024,A7B,2,A0390,G,4,19/3/2025,1,Porites spp.,A7B_2
474,20/4/2024,A7B,2,A0391,C,4,21/3/2025,0,Porites spp.,A7B_2
475,20/4/2024,A7B,2,A0391,D,1,19/3/2025,0,Porites spp.,A7B_2
476,20/4/2024,A7B,2,A0397,C,1,19/3/2025,1,Porites spp.,A7B_2
477,20/4/2024,A7B,2,A0397,H,0.5,19/3/2025,0,Porites spp.,A7B_2
478,20/4/2024,A7B,2,A0399,C,2,19/3/2025,0,Porites spp.,A7B_2
479,20/4/2024,A7B,2,A0399,E,1,19/3/2025,0,Porites spp.,A7B_2
480,20/4/2024,A7B,2,A0399,F,1,19/3/2025,0,Porites spp.,A7B_2
481,20/4/2024,A7B,2,A0399,J,2,19/3/2025,0,Porites spp.,A7B_2
482,20/4/2024,A7B,2,A0399,K,2,19/3/2025,0,Porites spp.,A7B_2
483,14/4/2024,A8_6m,1,A0167,D,4,15/3/2025,0,Porites spp.,A8_6m_1
484,14/4/2024,A8_6m,1,A0167,E,9,15/3/2025,1,Porites spp.,A8_6m_1
485,14/4/2024,A8_6m,1,A0168,F,1,15/3/2025,0,Porites spp.,A8_6m_1
486,14/4/2024,A8_6m,1,A0168,G,4,15/3/2025,0,Porites spp.,A8_6m_1
487,14/4/2024,A8_6m,1,A0168,J,6,15/3/2025,1,Porites spp.,A8_6m_1
488,14/4/2024,A8_6m,1,A0168,N,5,15/3/2025,0,Porites spp.,A8_6m_1
489,13/4/2024,A8_6m,1,A0202,B,9,14/3/2025,1,Porites spp.,A8_6m_1
490,13/4/2024,A8_6m,1,A0220,A,1.8,15/3/2025,1,Porites spp.,A8_6m_1
491,13/4/2024,A8_6m,1,A0220,C,5,15/3/2025,1,Porites spp.,A8_6m_1
492,13/4/2024,A8_6m,1,A0220,D,5,15/3/2025,1,Porites spp.,A8_6m_1
493,13/4/2024,A8_6m,1,A0220,H,6,15/3/2025,0,Porites spp.,A8_6m_1
494,13/4/2024,A8_6m,1,A0220,J,5,15/3/2025,0,Porites spp.,A8_6m_1
495,14/4/2024,A8_6m,1,A0225,F,5,14/3/2025,1,Porites spp.,A8_6m_1
496,14/4/2024,A8_6m,1,A0231,A,1.5,14/3/2025,0,Porites spp.,A8_6m_1
497,14/4/2024,A8_6m,1,A0231,F,5,15/3/2025,0,Porites spp.,A8_6m_1
498,14/4/2024,A8_6m,1,A0233,B,4,14/3/2025,1,Porites spp.,A8_6m_1
499,13/4/2024,A8_6m,1,A0234,C,5,15/3/2025,1,Porites spp.,A8_6m_1
500,13/4/2024,A8_6m,1,A0234,D,4,15/3/2025,0,Porites spp.,A8_6m_1
501,13/4/2024,A8_6m,2,A0065,F,3,15/3/2025,1,Porites spp.,A8_6m_2
502,13/4/2024,A8_6m,2,A0065,H,3,15/3/2025,0,Porites spp.,A8_6m_2
503,13/4/2024,A8_6m,2,A0162,B,6,15/3/2025,1,Porites spp.,A8_6m_2
504,13/4/2024,A8_6m,2,A0164,F,5,15/3/2025,1,Porites spp.,A8_6m_2
505,14/4/2024,A8_6m,2,A0171,B,0.5,15/3/2025,1,Porites spp.,A8_6m_2
506,14/4/2024,A8_6m,2,A0171,D,4,15/3/2025,1,Porites spp.,A8_6m_2
507,14/4/2024,A8_6m,2,A0227,C,5,15/3/2025,1,Porites spp.,A8_6m_2
508,13/4/2024,A8_6m,2,A0235,F,1,15/3/2025,1,Porites spp.,A8_6m_2
509,13/4/2024,A8_6m,2,A0235,I,2.8,15/3/2025,1,Porites spp.,A8_6m_2