,T1_Date,Site,Plot,Tag,ID,T1_Survival,T1_Size_x,T2_Date,T2_Survival,Taxa_broad,Site_Plot
1,22/10/2024,M11,2,A0086,C,1,1.4,22/4/2025,0,Acropora spp.,M11_2
2,22/10/2024,M11,2,A0087,A,1,9,22/4/2025,0,Acropora spp.,M11_2
3,22/10/2024,M11,2,A0087,C,1,3,22/4/2025,0,Acropora spp.,M11_2
4,22/10/2024,M11,2,A0087,F,1,4.4,22/4/2025,0,Acropora spp.,M11_2
5,22/10/2024,M11,2,A0087,G,1,5.2,22/4/2025,0,Acropora spp.,M11_2
6,22/10/2024,M11,2,A0088,B,1,6.4,22/4/2025,0,Acropora spp.,M11_2
7,22/10/2024,M11,2,A0088,C,1,3,22/4/2025,1,Acropora spp.,M11_2
8,22/10/2024,M11,2,A0088,D,1,9.4,22/4/2025,0,Acropora spp.,M11_2
9,22/10/2024,M11,2,A0092,A,1,7,22/4/2025,0,Acropora spp.,M11_2
10,22/10/2024,M11,2,A0093,A,1,9,22/4/2025,0,Acropora spp.,M11_2
11,22/10/2024,M11,2,A0093,C,1,2.4,22/4/2025,1,Acropora spp.,M11_2
12,22/10/2024,M11,2,A0093,D,1,2,22/4/2025,0,Acropora spp.,M11_2
13,22/10/2024,M11,2,A0093,G,1,5.2,22/4/2025,1,Acropora spp.,M11_2
14,22/10/2024,M11,2,A0094,B,1,4.8,22/4/2025,0,Acropora spp.,M11_2
15,21/10/2024,M11,4,A0070,A,1,3,23/4/2025,0,Acropora spp.,M11_4
16,21/10/2024,M11,4,A0070,B,1,8,23/4/2025,1,Acropora spp.,M11_4
17,22/10/2024,M11,4,A0072,D,1,2,23/4/2025,0,Acropora spp.,M11_4
18,22/10/2024,M11,4,A0098,E,1,8,23/4/2025,0,Acropora spp.,M11_4
19,22/10/2024,M11,4,A0099,B,1,5.4,23/4/2025,0,Acropora spp.,M11_4
20,21/10/2024,M11,4,A0105,A,1,3.6,23/4/2025,0,Acropora spp.,M11_4
21,21/10/2024,M11,4,A0105,B,1,2.2,23/4/2025,0,Acropora spp.,M11_4
22,21/10/2024,M11,4,A0105,C,1,2.4,23/4/2025,0,Acropora spp.,M11_4
23,19/10/2024,M13,1,A0018,C,1,3,21/4/2025,0,Acropora spp.,M13_1
24,19/10/2024,M13,1,A0018,F,1,6,21/4/2025,0,Acropora spp.,M13_1
25,19/10/2024,M13,1,A0019,A,1,5,21/4/2025,0,Acropora spp.,M13_1
26,19/10/2024,M13,1,A0019,L,1,4,21/4/2025,0,Acropora spp.,M13_1
27,19/10/2024,M13,1,A0019,N,1,2,21/4/2025,0,Acropora spp.,M13_1
28,19/10/2024,M13,1,A0022,A,1,3,21/4/2025,0,Acropora spp.,M13_1
29,19/10/2024,M13,1,A0023,A,1,4,21/4/2025,0,Acropora spp.,M13_1
30,19/10/2024,M13,1,A0023,B,1,1.5,21/4/2025,0,Acropora spp.,M13_1
31,19/10/2024,M13,1,A0023,C,1,2,21/4/2025,0,Acropora spp.,M13_1
32,19/10/2024,M13,1,A0023,D,1,3,21/4/2025,0,Acropora spp.,M13_1
33,19/10/2024,M13,1,A0024,B,1,4,21/4/2025,0,Acropora spp.,M13_1
34,19/10/2024,M13,1,A0024,D,1,4,21/4/2025,0,Acropora spp.,M13_1
35,19/10/2024,M13,1,A0031,C,1,8,21/4/2025,1,Acropora spp.,M13_1
36,19/10/2024,M13,1,A0031,G,1,4,21/4/2025,1,Acropora spp.,M13_1
37,19/10/2024,M13,1,A0031,H,1,6,21/4/2025,0,Acropora spp.,M13_1
38,19/10/2024,M13,1,A0031,I,1,9,21/4/2025,0,Acropora spp.,M13_1
39,19/10/2024,M13,1,A0031,J,1,5,21/4/2025,0,Acropora spp.,M13_1
40,19/10/2024,M13,1,A0031,K,1,8,21/4/2025,0,Acropora spp.,M13_1
41,19/10/2024,M13,1,A0033,D,1,4,21/4/2025,0,Acropora spp.,M13_1
42,19/10/2024,M13,1,A0034,B,1,6,21/4/2025,0,Acropora spp.,M13_1
43,19/10/2024,M13,1,A0034,D,1,3,21/4/2025,1,Acropora spp.,M13_1
44,19/10/2024,M13,1,A0034,E,1,3,21/4/2025,0,Acropora spp.,M13_1
45,19/10/2024,M13,1,A0051,A,1,2.2,21/4/2025,1,Acropora spp.,M13_1
46,20/10/2024,M13,3,A0025,E,1,5,21/4/2025,0,Acropora spp.,M13_3
47,20/10/2024,M13,3,A0026,B,1,5.5,21/4/2025,0,Acropora spp.,M13_3
48,20/10/2024,M13,3,A0026,F,1,3,21/4/2025,0,Acropora spp.,M13_3
49,20/10/2024,M13,3,A0027,L,1,6,21/4/2025,0,Acropora spp.,M13_3
50,20/10/2024,M13,3,A0027,N,1,3,21/4/2025,0,Acropora spp.,M13_3
51,20/10/2024,M13,3,A0028,A,1,4,21/4/2025,1,Acropora spp.,M13_3
52,20/10/2024,M13,3,A0028,M,1,3,21/4/2025,0,Acropora spp.,M13_3
53,20/10/2024,RL1_N,1,A0030,A,1,2,22/4/2025,0,Acropora spp.,RL1_N_1
54,20/10/2024,RL1_N,1,A0030,B,1,2.6,22/4/2025,0,Acropora spp.,RL1_N_1
55,20/10/2024,RL1_N,1,A0030,C,1,8.2,22/4/2025,0,Acropora spp.,RL1_N_1
56,20/10/2024,RL1_N,1,A0040,B,1,2,22/4/2025,0,Acropora spp.,RL1_N_1
57,20/10/2024,RL1_N,1,A0040,D,1,3.4,22/4/2025,0,Acropora spp.,RL1_N_1
58,20/10/2024,RL1_N,1,A0040,E,1,6.6,22/4/2025,0,Acropora spp.,RL1_N_1
59,20/10/2024,RL1_N,1,A0061,G,1,5.4,22/4/2025,0,Acropora spp.,RL1_N_1
60,21/10/2024,RL1_N,4,A0041,B,1,2.2,22/4/2025,0,Acropora spp.,RL1_N_4
61,21/10/2024,RL1_N,4,A0041,D,1,2.6,22/4/2025,0,Acropora spp.,RL1_N_4
62,21/10/2024,RL1_N,4,A0054,A,1,5,22/4/2025,1,Acropora spp.,RL1_N_4
63,21/10/2024,RL1_N,4,A0054,B,1,2,22/4/2025,0,Acropora spp.,RL1_N_4
64,21/10/2024,RL1_N,4,A0054,C,1,3,22/4/2025,0,Acropora spp.,RL1_N_4
65,21/10/2024,RL1_N,4,A0054,D,1,5.6,22/4/2025,1,Acropora spp.,RL1_N_4
66,21/10/2024,RL1_N,4,A0054,E,1,2.2,22/4/2025,0,Acropora spp.,RL1_N_4
67,21/10/2024,RL1_N,4,A0054,F,1,3.6,22/4/2025,0,Acropora spp.,RL1_N_4
68,21/10/2024,RL1_N,4,A0055,C,1,2.2,22/4/2025,0,Acropora spp.,RL1_N_4
69,21/10/2024,RL1_N,4,A0066,G,1,6.4,22/4/2025,0,Acropora spp.,RL1_N_4
70,21/10/2024,RL1_N,4,A0069,C,1,1.6,22/4/2025,0,Acropora spp.,RL1_N_4
71,21/10/2024,RL1_N,4,A0069,G,1,3.4,22/4/2025,0,Acropora spp.,RL1_N_4
72,21/10/2024,RL1_N,4,A0069,I,1,2,22/4/2025,0,Acropora spp.,RL1_N_4
73,21/10/2024,RL1_N,4,A0076,A,1,6.4,22/4/2025,0,Acropora spp.,RL1_N_4
74,21/10/2024,RL1_N,4,A0082,C,1,3,22/4/2025,0,Acropora spp.,RL1_N_4
75,21/10/2024,RL1_N,4,A0082,D,1,2,22/4/2025,0,Acropora spp.,RL1_N_4
76,21/10/2024,RL1_N,4,A0082,E,1,1.8,22/4/2025,0,Acropora spp.,RL1_N_4
77,23/10/2024,RL1_S,1,A0111,C,1,9,24/4/2025,0,Acropora spp.,RL1_S_1
78,23/10/2024,RL1_S,1,A0117,C,1,8,24/4/2025,0,Acropora spp.,RL1_S_1
79,23/10/2024,RL1_S,1,A0117,E,1,4,24/4/2025,0,Acropora spp.,RL1_S_1
80,23/10/2024,RL1_S,1,A0129,A,1,7,24/4/2025,0,Acropora spp.,RL1_S_1
81,23/10/2024,RL1_S,1,A0129,E,1,5,24/4/2025,0,Acropora spp.,RL1_S_1
82,23/10/2024,RL1_S,1,A0129,J,1,8,24/4/2025,0,Acropora spp.,RL1_S_1
83,23/10/2024,RL1_S,1,A0140,A,1,6,24/4/2025,0,Acropora spp.,RL1_S_1
84,23/10/2024,RL1_S,1,A0140,D,1,5,24/4/2025,0,Acropora spp.,RL1_S_1
85,23/10/2024,RL1_S,1,A0156,A,1,9,24/4/2025,0,Acropora spp.,RL1_S_1
86,23/10/2024,RL1_S,1,A0156,E,1,5,24/4/2025,0,Acropora spp.,RL1_S_1
87,23/10/2024,RL1_S,1,A0156,F,1,4,24/4/2025,0,Acropora spp.,RL1_S_1
88,23/10/2024,RL1_S,1,A0156,H,1,3.5,24/4/2025,0,Acropora spp.,RL1_S_1
89,23/10/2024,RL1_S,1,A0158,C,1,9.8,24/4/2025,0,Acropora spp.,RL1_S_1
90,23/10/2024,RL1_S,1,A0159,A,1,5.4,24/4/2025,0,Acropora spp.,RL1_S_1
91,23/10/2024,RL1_S,1,A0160,A,1,7,24/4/2025,0,Acropora spp.,RL1_S_1
92,23/10/2024,RL1_S,1,A0160,D,1,7,24/4/2025,0,Acropora spp.,RL1_S_1
93,23/10/2024,RL1_S,3,A0110,B,1,5.5,23/4/2025,0,Acropora spp.,RL1_S_3
94,23/10/2024,RL1_S,3,A0110,D,1,2.4,23/4/2025,0,Acropora spp.,RL1_S_3
95,23/10/2024,RL1_S,3,A0112,D,1,2.5,23/4/2025,1,Acropora spp.,RL1_S_3
96,23/10/2024,RL1_S,3,A0112,E,1,2.8,23/4/2025,0,Acropora spp.,RL1_S_3
97,23/10/2024,RL1_S,3,A0113,B,1,2.8,23/4/2025,0,Acropora spp.,RL1_S_3
98,23/10/2024,RL1_S,3,A0113,C,1,8.4,23/4/2025,0,Acropora spp.,RL1_S_3
99,23/10/2024,RL1_S,3,A0113,D,1,6,23/4/2025,0,Acropora spp.,RL1_S_3
100,23/10/2024,RL1_S,3,A0113,F,1,9.6,23/4/2025,0,Acropora spp.,RL1_S_3
101,23/10/2024,RL1_S,3,A0113,G,1,9.5,23/4/2025,0,Acropora spp.,RL1_S_3
102,23/10/2024,RL1_S,3,A0114,E,1,3,23/4/2025,0,Acropora spp.,RL1_S_3
103,23/10/2024,RL1_S,3,A0114,H,1,4.5,23/4/2025,0,Acropora spp.,RL1_S_3
104,23/10/2024,RL1_S,3,A0121,B,1,3,23/4/2025,0,Acropora spp.,RL1_S_3
105,23/10/2024,RL1_S,3,A0121,C,1,5,23/4/2025,0,Acropora spp.,RL1_S_3
106,23/10/2024,RL1_S,3,A0122,A,1,4,23/4/2025,0,Acropora spp.,RL1_S_3
107,23/10/2024,RL1_S,3,A0122,B,1,8,23/4/2025,0,Acropora spp.,RL1_S_3
108,23/10/2024,RL1_S,3,A0124,C,1,7.5,23/4/2025,0,Acropora spp.,RL1_S_3
109,23/10/2024,RL1_S,3,A0124,D,1,4,23/4/2025,0,Acropora spp.,RL1_S_3
110,23/10/2024,RL1_S,3,A0124,F,1,7,23/4/2025,0,Acropora spp.,RL1_S_3
111,23/10/2024,RL1_S,3,A0124,G,1,7.5,23/4/2025,0,Acropora spp.,RL1_S_3
112,23/10/2024,RL1_S,3,A0125,C,1,7,23/4/2025,0,Acropora spp.,RL1_S_3
113,23/10/2024,RL1_S,3,A0127,D,1,7,23/4/2025,0,Acropora spp.,RL1_S_3
114,24/10/2024,RL1_S,3,A0128,E,1,4,23/4/2025,0,Acropora spp.,RL1_S_3
115,25/10/2024,RS1_1,1,A0011,A,1,5.5,20/4/2025,0,Acropora spp.,RS1_1_1
116,25/10/2024,RS1_1,1,A0017,A,1,2,20/4/2025,0,Acropora spp.,RS1_1_1
117,25/10/2024,RS1_1,1,A0017,B,1,1.2,20/4/2025,0,Acropora spp.,RS1_1_1
118,25/10/2024,RS1_1,1,A0020,A,1,5,20/4/2025,0,Acropora spp.,RS1_1_1
119,25/10/2024,RS1_1,1,A0020,B,1,5.2,20/4/2025,0,Acropora spp.,RS1_1_1
120,25/10/2024,RS1_1,2,A0001,B,1,6.8,20/4/2025,0,Acropora spp.,RS1_1_2
121,25/10/2024,RS1_1,2,A0001,C,1,7.2,20/4/2025,0,Acropora spp.,RS1_1_2
122,25/10/2024,RS1_1,2,A0178,A,1,5.2,20/4/2025,0,Acropora spp.,RS1_1_2
123,25/10/2024,RS1_1,2,A0178,G,1,7,20/4/2025,0,Acropora spp.,RS1_1_2
124,25/10/2024,RS1_1,2,A0181,A,1,5,20/4/2025,1,Acropora spp.,RS1_1_2
125,25/10/2024,RS1_1,2,A0182,D,1,3.8,20/4/2025,0,Acropora spp.,RS1_1_2
126,25/10/2024,RS1_1,2,A0182,E,1,7,20/4/2025,0,Acropora spp.,RS1_1_2
127,25/10/2024,RS1_1,between 1 and 2,A0006,K,1,8,20/4/2025,0,Acropora spp.,RS1_1_between 1 and 2
128,25/10/2024,RS1_1,between 1 and 2,A0006,L,1,6,20/4/2025,0,Acropora spp.,RS1_1_between 1 and 2
129,25/10/2024,RS1_1,between 1 and 2,A0007,G,1,9,20/4/2025,0,Acropora spp.,RS1_1_between 1 and 2
130,25/10/2024,RS1_1,between 1 and 2,A0009,A,1,5.8,20/4/2025,0,Acropora spp.,RS1_1_between 1 and 2
131,25/10/2024,RS1_1,between 1 and 2,A0009,C,1,4,20/4/2025,0,Acropora spp.,RS1_1_between 1 and 2
132,25/10/2024,RS1_1,between 1 and 2,A0009,E,1,4,20/4/2025,0,Acropora spp.,RS1_1_between 1 and 2
133,25/10/2024,RS1_1,between 1 and 2,A0009,F,1,5.2,20/4/2025,0,Acropora spp.,RS1_1_between 1 and 2
134,27/10/2024,RS1_S,2,A0138,B,1,6,25/4/2025,0,Acropora spp.,RS1_S_2
135,27/10/2024,RS1_S,2,A0138,C,1,8,25/4/2025,0,Acropora spp.,RS1_S_2
136,27/10/2024,RS1_S,2,A0139,K,1,5.5,25/4/2025,0,Acropora spp.,RS1_S_2
137,27/10/2024,RS1_S,2,A0150,D,1,8.6,25/4/2025,0,Acropora spp.,RS1_S_2
138,27/10/2024,RS1_S,2,A0152,A,1,9.8,25/4/2025,0,Acropora spp.,RS1_S_2
139,27/10/2024,RS1_S,2,A0153,A,1,4.8,25/4/2025,0,Acropora spp.,RS1_S_2
140,27/10/2024,RS1_S,2,A0153,B,1,6.6,25/4/2025,0,Acropora spp.,RS1_S_2
141,27/10/2024,RS1_S,2,A0154,D,1,5.8,25/4/2025,0,Acropora spp.,RS1_S_2
142,27/10/2024,RS1_S,2,A0161,A,1,6.8,25/4/2025,0,Acropora spp.,RS1_S_2
143,27/10/2024,RS1_S,2,A0161,D,1,2.8,25/4/2025,0,Acropora spp.,RS1_S_2
144,27/10/2024,RS1_S,4,A0134,A,1,7.6,25/4/2025,0,Acropora spp.,RS1_S_4
145,27/10/2024,RS1_S,4,A0135,B,1,5.4,25/4/2025,0,Acropora spp.,RS1_S_4
146,27/10/2024,RS1_S,4,A0136,C,1,4,25/4/2025,1,Acropora spp.,RS1_S_4
147,27/10/2024,RS1_S,4,A0137,B,1,5,25/4/2025,0,Acropora spp.,RS1_S_4
148,27/10/2024,RS1_S,4,A0148,A,1,4,25/4/2025,0,Acropora spp.,RS1_S_4
149,27/10/2024,RS1_S,4,A0148,B,1,9,25/4/2025,0,Acropora spp.,RS1_S_4
150,29/10/2024,M11,2,A0450,A,1,3,22/4/2025,0,Acropora spp.,M11_2
151,29/10/2024,M11,2,A0450,B,1,5,22/4/2025,0,Acropora spp.,M11_2
152,29/10/2024,M11,2,A0460,A,1,2,22/4/2025,0,Acropora spp.,M11_2
153,29/10/2024,M11,2,A0460,C,1,1.8,22/4/2025,0,Acropora spp.,M11_2
154,29/10/2024,M11,2,A0460,D,1,6.8,22/4/2025,0,Acropora spp.,M11_2
155,29/10/2024,M13,1,A0468,A,1,1.6,21/4/2025,1,Acropora spp.,M13_1
156,29/10/2024,M13,1,A0468,C,1,3.2,21/4/2025,0,Acropora spp.,M13_1
157,29/10/2024,M13,1,A0468,D,1,2,21/4/2025,1,Acropora spp.,M13_1
158,29/10/2024,M13,1,A0468,E,1,6,21/4/2025,0,Acropora spp.,M13_1
159,29/10/2024,M13,1,A0468,F,1,7,21/4/2025,0,Acropora spp.,M13_1
160,29/10/2024,M13,1,A0468,H,1,2,21/4/2025,1,Acropora spp.,M13_1
161,29/10/2024,M13,1,A0468,I,1,1.5,21/4/2025,0,Acropora spp.,M13_1
162,29/10/2024,M13,1,A0468,J,1,4,21/4/2025,0,Acropora spp.,M13_1
163,29/10/2024,M13,1,A0468,K,1,7,21/4/2025,0,Acropora spp.,M13_1
164,29/10/2024,M13,1,A0468,M,1,1.4,21/4/2025,0,Acropora spp.,M13_1
165,29/10/2024,M13,1,A0485,A,1,2,21/4/2025,0,Acropora spp.,M13_1
166,29/10/2024,M13,1,A0485,D,1,2,21/4/2025,1,Acropora spp.,M13_1
167,29/10/2024,M13,1,A0485,E,1,1,21/4/2025,0,Acropora spp.,M13_1
168,29/10/2024,M13,1,A0485,H,1,1,21/4/2025,0,Acropora spp.,M13_1
169,29/10/2024,M13,1,A0496,B,1,1,21/4/2025,0,Acropora spp.,M13_1
170,29/10/2024,M13,1,A0496,E,1,2,21/4/2025,1,Acropora spp.,M13_1
171,29/10/2024,M13,1,A0496,F,1,1,21/4/2025,0,Acropora spp.,M13_1
172,29/10/2024,M13,1,A0496,G,1,1,21/4/2025,0,Acropora spp.,M13_1
173,29/10/2024,M13,1,A0496,H,1,1,21/4/2025,1,Acropora spp.,M13_1
174,29/10/2024,M13,3,A0456,A,1,3,21/4/2025,1,Acropora spp.,M13_3
175,29/10/2024,M13,3,A0456,B,1,2.2,21/4/2025,1,Acropora spp.,M13_3
176,29/10/2024,M13,3,A0456,C,1,2,21/4/2025,0,Acropora spp.,M13_3
177,29/10/2024,M13,3,A0456,F,1,2,21/4/2025,1,Acropora spp.,M13_3
178,29/10/2024,M13,3,A0484,B,1,1,21/4/2025,0,Acropora spp.,M13_3
179,29/10/2024,M13,3,A0495,B,1,1,21/4/2025,1,Acropora spp.,M13_3
180,29/10/2024,M13,3,A0495,C,1,2,21/4/2025,0,Acropora spp.,M13_3
181,29/10/2024,M13,3,A0495,D,1,5,21/4/2025,1,Acropora spp.,M13_3
182,28/10/2024,RL1_N,1,A0386,A,1,2.4,22/4/2025,0,Acropora spp.,RL1_N_1
183,28/10/2024,RL1_N,1,A0386,C,1,1,22/4/2025,0,Acropora spp.,RL1_N_1
184,28/10/2024,RL1_N,1,A0386,D,1,1.2,22/4/2025,0,Acropora spp.,RL1_N_1
185,28/10/2024,RL1_N,1,A0386,F,1,2,22/4/2025,0,Acropora spp.,RL1_N_1
186,28/10/2024,RL1_N,1,A0386,G,1,1.8,22/4/2025,0,Acropora spp.,RL1_N_1
187,28/10/2024,RL1_N,1,A0476,A,1,2,22/4/2025,1,Acropora spp.,RL1_N_1
188,28/10/2024,RL1_N,1,A0476,B,1,0.6,22/4/2025,0,Acropora spp.,RL1_N_1
189,28/10/2024,RL1_N,1,A0476,C,1,2,22/4/2025,1,Acropora spp.,RL1_N_1
190,28/10/2024,RL1_N,1,A0476,D,1,6.8,22/4/2025,0,Acropora spp.,RL1_N_1
191,26/10/2024,RS1_1,1,A0364,A,1,7.4,20/4/2025,0,Acropora spp.,RS1_1_1
192,26/10/2024,RS1_1,1,A0364,B,1,5,20/4/2025,0,Acropora spp.,RS1_1_1
193,26/10/2024,RS1_1,1,A0401,B,1,2.6,20/4/2025,0,Acropora spp.,RS1_1_1
194,26/10/2024,RS1_1,1,A0401,C,1,3.4,20/4/2025,0,Acropora spp.,RS1_1_1
195,26/10/2024,RS1_1,1,A0401,D,1,9,20/4/2025,0,Acropora spp.,RS1_1_1
196,26/10/2024,RS1_1,1,A0401,E,1,3,20/4/2025,0,Acropora spp.,RS1_1_1
197,26/10/2024,RS1_1,1,A0401,G,1,2.2,20/4/2025,0,Acropora spp.,RS1_1_1
198,29/10/2024,RS1_1,1,A0403,A,1,3.6,20/4/2025,0,Acropora spp.,RS1_1_1
199,29/10/2024,RS1_1,1,A0403,B,1,3,20/4/2025,0,Acropora spp.,RS1_1_1
200,29/10/2024,RS1_1,1,A0403,C,1,1.8,20/4/2025,0,Acropora spp.,RS1_1_1
201,29/10/2024,RS1_1,1,A0403,D,1,5,20/4/2025,0,Acropora spp.,RS1_1_1
202,29/10/2024,RS1_1,1,A0403,E,1,3.2,20/4/2025,0,Acropora spp.,RS1_1_1
203,29/10/2024,RS1_1,1,A0403,F,1,1.6,20/4/2025,0,Acropora spp.,RS1_1_1
204,29/10/2024,RS1_1,1,A0403,G,1,3,20/4/2025,0,Acropora spp.,RS1_1_1
205,26/10/2024,RS1_1,1,A0406,A,1,2.5,20/4/2025,0,Acropora spp.,RS1_1_1
206,26/10/2024,RS1_1,1,A0406,C,1,3.4,20/4/2025,0,Acropora spp.,RS1_1_1
207,26/10/2024,RS1_1,1,A0406,D,1,2.2,20/4/2025,0,Acropora spp.,RS1_1_1
208,26/10/2024,RS1_1,1,A0406,E,1,3.2,20/4/2025,0,Acropora spp.,RS1_1_1
209,26/10/2024,RS1_1,1,A0406,F,1,6,20/4/2025,0,Acropora spp.,RS1_1_1
210,26/10/2024,RS1_1,1,A0406,G,1,6,20/4/2025,0,Acropora spp.,RS1_1_1
211,26/10/2024,RS1_1,1,A0407,A,1,1.2,20/4/2025,0,Acropora spp.,RS1_1_1
212,26/10/2024,RS1_1,1,A0407,C,1,3,20/4/2025,0,Acropora spp.,RS1_1_1
213,26/10/2024,RS1_1,1,A0407,D,1,3.2,20/4/2025,0,Acropora spp.,RS1_1_1
214,26/10/2024,RS1_1,1,A0407,E,1,6.6,20/4/2025,0,Acropora spp.,RS1_1_1
215,26/10/2024,RS1_1,1,A0454,B,1,5,20/4/2025,0,Acropora spp.,RS1_1_1
216,26/10/2024,RS1_1,1,A0454,C,1,1.7,20/4/2025,0,Acropora spp.,RS1_1_1
217,26/10/2024,RS1_1,1,A0454,E,1,6,20/4/2025,0,Acropora spp.,RS1_1_1
218,29/10/2024,RS1_1,1,A0455,A,1,2,20/4/2025,0,Acropora spp.,RS1_1_1
219,29/10/2024,RS1_1,1,A0455,B,1,1,20/4/2025,0,Acropora spp.,RS1_1_1
220,29/10/2024,RS1_1,1,A0455,E,1,4,20/4/2025,0,Acropora spp.,RS1_1_1
221,29/10/2024,RS1_1,1,A0455,F,1,7,20/4/2025,0,Acropora spp.,RS1_1_1
222,29/10/2024,RS1_1,1,A0486,B,1,4,20/4/2025,0,Acropora spp.,RS1_1_1
223,29/10/2024,RS1_1,1,A0486,D,1,7,20/4/2025,0,Acropora spp.,RS1_1_1
224,29/10/2024,RS1_1,1,A0489,B,1,4,20/4/2025,0,Acropora spp.,RS1_1_1
225,26/10/2024,RS1_1,2,A0365,A,1,6,20/4/2025,0,Acropora spp.,RS1_1_2
226,26/10/2024,RS1_1,2,A0365,B,1,3.2,20/4/2025,0,Acropora spp.,RS1_1_2
227,26/10/2024,RS1_1,2,A0365,D,1,2,20/4/2025,0,Acropora spp.,RS1_1_2
228,26/10/2024,RS1_1,2,A0365,G,1,5,20/4/2025,1,Acropora spp.,RS1_1_2
229,26/10/2024,RS1_1,2,A0365,H,1,3.6,20/4/2025,0,Acropora spp.,RS1_1_2
230,26/10/2024,RS1_1,2,A0366,D,1,1.4,20/4/2025,0,Acropora spp.,RS1_1_2
231,26/10/2024,RS1_1,2,A0366,E,1,3,20/4/2025,0,Acropora spp.,RS1_1_2
232,26/10/2024,RS1_1,2,A0366,F,1,7,20/4/2025,0,Acropora spp.,RS1_1_2
233,26/10/2024,RS1_1,2,A0404,A,1,2.4,20/4/2025,0,Acropora spp.,RS1_1_2
234,26/10/2024,RS1_1,2,A0404,D,1,2.4,20/4/2025,0,Acropora spp.,RS1_1_2
235,26/10/2024,RS1_1,2,A0404,I,1,0.8,20/4/2025,1,Acropora spp.,RS1_1_2
236,28/10/2024,RS1_S,2,A0363,A,1,5,25/4/2025,0,Acropora spp.,RS1_S_2
237,28/10/2024,RS1_S,2,A0363,B,1,2,25/4/2025,0,Acropora spp.,RS1_S_2
238,28/10/2024,RS1_S,2,A0363,C,1,4,25/4/2025,0,Acropora spp.,RS1_S_2
239,28/10/2024,RS1_S,2,A0376,A,1,2,25/4/2025,0,Acropora spp.,RS1_S_2
240,28/10/2024,RS1_S,2,A0376,B,1,3,25/4/2025,0,Acropora spp.,RS1_S_2
241,28/10/2024,RS1_S,2,A0376,C,1,3,25/4/2025,0,Acropora spp.,RS1_S_2
242,28/10/2024,RS1_S,2,A0457,C,1,2,25/4/2025,0,Acropora spp.,RS1_S_2
243,28/10/2024,RS1_S,2,A0458,F,1,3.8,25/4/2025,0,Acropora spp.,RS1_S_2
244,28/10/2024,RS1_S,2,A0475,A,1,1.8,25/4/2025,1,Acropora spp.,RS1_S_2
245,28/10/2024,RS1_S,2,A0475,B,1,1.6,25/4/2025,0,Acropora spp.,RS1_S_2
246,28/10/2024,RS1_S,2,A0475,C,1,5,25/4/2025,0,Acropora spp.,RS1_S_2
247,28/10/2024,RS1_S,2,A0477,B,1,1,25/4/2025,0,Acropora spp.,RS1_S_2
248,28/10/2024,RS1_S,4,A0459,A,1,2.2,25/4/2025,0,Acropora spp.,RS1_S_4
249,28/10/2024,RS1_S,4,A0459,C,1,4.2,25/4/2025,1,Acropora spp.,RS1_S_4
250,28/10/2024,RS1_S,4,A0459,F,1,1.4,25/4/2025,1,Acropora spp.,RS1_S_4
251,28/10/2024,RS1_S,4,A0467,A,1,6.2,25/4/2025,0,Acropora spp.,RS1_S_4
252,28/10/2024,RS1_S,4,A0470,A,1,5,25/4/2025,0,Acropora spp.,RS1_S_4
253,28/10/2024,RS1_S,4,A0470,D,1,4.2,25/4/2025,0,Acropora spp.,RS1_S_4
254,20/10/2024,M13,3,A0050,E,1,7,21/4/2025,0,Isopora spp.,M13_3
255,20/10/2024,RL1_N,1,A0058,E,1,6,22/4/2025,0,Isopora spp.,RL1_N_1
256,21/10/2024,RL1_N,4,A0067,A,1,7,22/4/2025,0,Isopora spp.,RL1_N_4
257,21/10/2024,RL1_N,4,A0078,E,1,8,22/4/2025,0,Isopora spp.,RL1_N_4
258,23/10/2024,RL1_S,3,A0107,A,1,7,23/4/2025,0,Isopora spp.,RL1_S_3
259,23/10/2024,RL1_S,3,A0107,C,1,6,23/4/2025,0,Isopora spp.,RL1_S_3
260,23/10/2024,RL1_S,3,A0110,F,1,9.8,23/4/2025,0,Isopora spp.,RL1_S_3
261,27/10/2024,RS1_S,4,A0137,A,1,8,25/4/2025,0,Isopora spp.,RS1_S_4
262,22/10/2024,M11,4,A0097,F,1,8,23/4/2025,0,Pocillopora spp.,M11_4
263,19/10/2024,M13,1,A0031,A,1,8,21/4/2025,0,Pocillopora spp.,M13_1
264,20/10/2024,M13,3,A0045,A,1,3,21/4/2025,0,Pocillopora spp.,M13_3
265,20/10/2024,M13,3,A0046,B,1,6.5,21/4/2025,0,Pocillopora spp.,M13_3
266,23/10/2024,RL1_S,3,A0110,G,1,4.2,23/4/2025,0,Pocillopora spp.,RL1_S_3
267,23/10/2024,RL1_S,3,A0112,C,1,9,23/4/2025,0,Pocillopora spp.,RL1_S_3
268,25/10/2024,RS1_1,1,A0010,A,1,6.8,20/4/2025,0,Pocillopora spp.,RS1_1_1
269,27/10/2024,RS1_S,2,A0139,L,1,7,25/4/2025,0,Pocillopora spp.,RS1_S_2
270,27/10/2024,RS1_S,2,A0149,E,1,8.4,25/4/2025,0,Pocillopora spp.,RS1_S_2
271,27/10/2024,RS1_S,2,A0161,B,1,8,25/4/2025,0,Pocillopora spp.,RS1_S_2
272,27/10/2024,RS1_S,2,A0163,C,1,9.5,25/4/2025,0,Pocillopora spp.,RS1_S_2
273,29/10/2024,M13,1,A0485,B,1,1,21/4/2025,0,Pocillopora spp.,M13_1
274,26/10/2024,RS1_1,1,A0364,C,1,4,20/4/2025,0,Pocillopora spp.,RS1_1_1
275,26/10/2024,RS1_1,1,A0401,A,1,4,20/4/2025,0,Pocillopora spp.,RS1_1_1
276,26/10/2024,RS1_1,1,A0407,B,1,2.8,20/4/2025,1,Pocillopora spp.,RS1_1_1
277,29/10/2024,RS1_1,1,A0489,A,1,3,20/4/2025,0,Pocillopora spp.,RS1_1_1
278,29/10/2024,RS1_1,1,A0494,C,1,1,20/4/2025,0,Pocillopora spp.,RS1_1_1
279,26/10/2024,RS1_1,2,A0365,E,1,6.2,20/4/2025,0,Pocillopora spp.,RS1_1_2
280,28/10/2024,RS1_S,2,A0457,B,1,5,25/4/2025,0,Pocillopora spp.,RS1_S_2
281,22/10/2024,M11,2,A0086,A,1,3,22/4/2025,0,Goniastrea spp.,M11_2
282,22/10/2024,M11,2,A0093,B,1,2,22/4/2025,0,Goniastrea spp.,M11_2
283,22/10/2024,M11,4,A0070,C,1,4.8,23/4/2025,1,Goniastrea spp.,M11_4
284,22/10/2024,M11,4,A0070,G,1,3.8,23/4/2025,0,Goniastrea spp.,M11_4
285,22/10/2024,M11,4,A0071,D,1,2,23/4/2025,0,Goniastrea spp.,M11_4
286,22/10/2024,M11,4,A0075,A,1,8,23/4/2025,1,Goniastrea spp.,M11_4
287,22/10/2024,M11,4,A0098,A,1,3,23/4/2025,1,Goniastrea spp.,M11_4
288,22/10/2024,M11,4,A0098,B,1,5.4,23/4/2025,1,Goniastrea spp.,M11_4
289,21/10/2024,M11,4,A0104,C,1,2.6,23/4/2025,1,Goniastrea spp.,M11_4
290,19/10/2024,M13,1,A0019,B,1,3,21/4/2025,0,Goniastrea spp.,M13_1
291,19/10/2024,M13,1,A0019,I,1,2,21/4/2025,1,Goniastrea spp.,M13_1
292,19/10/2024,M13,1,A0021,F,1,3,21/4/2025,1,Goniastrea spp.,M13_1
293,19/10/2024,M13,1,A0024,A,1,4,21/4/2025,1,Goniastrea spp.,M13_1
294,19/10/2024,M13,1,A0032,A,1,4,21/4/2025,0,Goniastrea spp.,M13_1
295,19/10/2024,M13,1,A0052,A,1,7,21/4/2025,1,Goniastrea spp.,M13_1
296,19/10/2024,M13,1,A0052,C,1,8.5,21/4/2025,0,Goniastrea spp.,M13_1
297,20/10/2024,M13,3,A0027,F,1,3,21/4/2025,1,Goniastrea spp.,M13_3
298,20/10/2024,RL1_N,1,A0029,D,1,4,22/4/2025,1,Goniastrea spp.,RL1_N_1
299,20/10/2024,RL1_N,1,A0037,A,1,2.1,22/4/2025,0,Goniastrea spp.,RL1_N_1
300,20/10/2024,RL1_N,1,A0037,D,1,3.5,22/4/2025,1,Goniastrea spp.,RL1_N_1
301,20/10/2024,RL1_N,1,A0038,A,1,5,22/4/2025,0,Goniastrea spp.,RL1_N_1
302,20/10/2024,RL1_N,1,A0039,A,1,7,22/4/2025,1,Goniastrea spp.,RL1_N_1
303,20/10/2024,RL1_N,1,A0056,B,1,7,22/4/2025,1,Goniastrea spp.,RL1_N_1
304,20/10/2024,RL1_N,1,A0058,A,1,4.5,22/4/2025,0,Goniastrea spp.,RL1_N_1
305,20/10/2024,RL1_N,1,A0058,B,1,3.4,22/4/2025,0,Goniastrea spp.,RL1_N_1
306,20/10/2024,RL1_N,1,A0061,F,1,7,22/4/2025,1,Goniastrea spp.,RL1_N_1
307,21/10/2024,RL1_N,4,A0043,B,1,7,22/4/2025,0,Goniastrea spp.,RL1_N_4
308,21/10/2024,RL1_N,4,A0066,B,1,5,22/4/2025,1,Goniastrea spp.,RL1_N_4
309,21/10/2024,RL1_N,4,A0066,F,1,8.5,22/4/2025,1,Goniastrea spp.,RL1_N_4
310,21/10/2024,RL1_N,4,A0076,C,1,8.8,22/4/2025,0,Goniastrea spp.,RL1_N_4
311,21/10/2024,RL1_N,4,A0076,D,1,9,22/4/2025,0,Goniastrea spp.,RL1_N_4
312,21/10/2024,RL1_N,4,A0078,C,1,8,22/4/2025,1,Goniastrea spp.,RL1_N_4
313,21/10/2024,RL1_N,4,A0078,D,1,4,22/4/2025,0,Goniastrea spp.,RL1_N_4
314,21/10/2024,RL1_N,4,A0082,G,1,1,22/4/2025,0,Goniastrea spp.,RL1_N_4
315,23/10/2024,RL1_S,1,A0111,D,1,3,24/4/2025,1,Goniastrea spp.,RL1_S_1
316,23/10/2024,RL1_S,1,A0115,A,1,3,24/4/2025,1,Goniastrea spp.,RL1_S_1
317,23/10/2024,RL1_S,1,A0115,B,1,8,24/4/2025,0,Goniastrea spp.,RL1_S_1
318,23/10/2024,RL1_S,1,A0117,B,1,5,24/4/2025,0,Goniastrea spp.,RL1_S_1
319,24/10/2024,RL1_S,1,A0120,B,1,4.2,24/4/2025,1,Goniastrea spp.,RL1_S_1
320,23/10/2024,RL1_S,1,A0158,B,1,4.5,24/4/2025,0,Goniastrea spp.,RL1_S_1
321,23/10/2024,RL1_S,3,A0107,D,1,6,23/4/2025,0,Goniastrea spp.,RL1_S_3
322,23/10/2024,RL1_S,3,A0114,A,1,7.5,23/4/2025,0,Goniastrea spp.,RL1_S_3
323,23/10/2024,RL1_S,3,A0114,B,1,8,23/4/2025,0,Goniastrea spp.,RL1_S_3
324,23/10/2024,RL1_S,3,A0121,D,1,4.5,23/4/2025,0,Goniastrea spp.,RL1_S_3
325,25/10/2024,RS1_1,1,A0013,A,1,6.2,20/4/2025,0,Goniastrea spp.,RS1_1_1
326,25/10/2024,RS1_1,1,A0015,C,1,4.2,20/4/2025,0,Goniastrea spp.,RS1_1_1
327,25/10/2024,RS1_1,2,A0004,C,1,3.3,20/4/2025,0,Goniastrea spp.,RS1_1_2
328,25/10/2024,RS1_1,2,A0005,A,1,4.4,20/4/2025,1,Goniastrea spp.,RS1_1_2
329,25/10/2024,RS1_1,between 1 and 2,A0007,A,1,7.4,20/4/2025,0,Goniastrea spp.,RS1_1_between 1 and 2
330,27/10/2024,RS1_S,2,A0139,E,1,6,25/4/2025,0,Goniastrea spp.,RS1_S_2
331,27/10/2024,RS1_S,2,A0152,B,1,5.6,25/4/2025,0,Goniastrea spp.,RS1_S_2
332,27/10/2024,RS1_S,2,A0163,A,1,8,25/4/2025,1,Goniastrea spp.,RS1_S_2
333,27/10/2024,RS1_S,2,A0163,B,1,8.6,25/4/2025,1,Goniastrea spp.,RS1_S_2
334,27/10/2024,RS1_S,4,A0118,B,1,8,25/4/2025,1,Goniastrea spp.,RS1_S_4
335,27/10/2024,RS1_S,4,A0132,A,1,5,25/4/2025,1,Goniastrea spp.,RS1_S_4
336,27/10/2024,RS1_S,4,A0146,B,1,6,25/4/2025,0,Goniastrea spp.,RS1_S_4
337,29/10/2024,M13,1,A0468,B,1,3,21/4/2025,0,Goniastrea spp.,M13_1
338,29/10/2024,M13,1,A0485,F,1,1,21/4/2025,0,Goniastrea spp.,M13_1
339,29/10/2024,M13,1,A0485,G,1,3,21/4/2025,1,Goniastrea spp.,M13_1
340,29/10/2024,M13,1,A0496,A,1,4,21/4/2025,0,Goniastrea spp.,M13_1
341,29/10/2024,M13,1,A0496,D,1,7,21/4/2025,0,Goniastrea spp.,M13_1
342,29/10/2024,M13,3,A0495,A,1,2,21/4/2025,1,Goniastrea spp.,M13_3
343,26/10/2024,RS1_1,1,A0401,F,1,2,20/4/2025,0,Goniastrea spp.,RS1_1_1
344,26/10/2024,RS1_1,1,A0406,B,1,5.2,20/4/2025,0,Goniastrea spp.,RS1_1_1
345,26/10/2024,RS1_1,1,A0406,H,1,2.9,20/4/2025,0,Goniastrea spp.,RS1_1_1
346,26/10/2024,RS1_1,1,A0454,A,1,2.1,20/4/2025,0,Goniastrea spp.,RS1_1_1
347,26/10/2024,RS1_1,1,A0454,D,1,0.7,20/4/2025,0,Goniastrea spp.,RS1_1_1
348,29/10/2024,RS1_1,1,A0455,D,1,1,20/4/2025,0,Goniastrea spp.,RS1_1_1
349,29/10/2024,RS1_1,1,A0486,A,1,3,20/4/2025,0,Goniastrea spp.,RS1_1_1
350,29/10/2024,RS1_1,1,A0486,E,1,1,20/4/2025,0,Goniastrea spp.,RS1_1_1
351,29/10/2024,RS1_1,1,A0489,C,1,1,20/4/2025,0,Goniastrea spp.,RS1_1_1
352,29/10/2024,RS1_1,1,A0494,A,1,2,20/4/2025,0,Goniastrea spp.,RS1_1_1
353,29/10/2024,RS1_1,1,A0494,B,1,4,20/4/2025,0,Goniastrea spp.,RS1_1_1
354,26/10/2024,RS1_1,2,A0366,A,1,3,20/4/2025,0,Goniastrea spp.,RS1_1_2
355,26/10/2024,RS1_1,2,A0404,B,1,0.8,20/4/2025,0,Goniastrea spp.,RS1_1_2
356,26/10/2024,RS1_1,2,A0404,C,1,5.8,20/4/2025,1,Goniastrea spp.,RS1_1_2
357,26/10/2024,RS1_1,2,A0404,F,1,1.2,20/4/2025,0,Goniastrea spp.,RS1_1_2
358,26/10/2024,RS1_1,2,A0405,C,1,1.4,20/4/2025,1,Goniastrea spp.,RS1_1_2
359,26/10/2024,RS1_1,2,A0405,D,1,1,20/4/2025,0,Goniastrea spp.,RS1_1_2
360,28/10/2024,RS1_S,2,A0457,A,1,7,25/4/2025,0,Goniastrea spp.,RS1_S_2
361,28/10/2024,RS1_S,4,A0467,C,1,1.6,25/4/2025,0,Goniastrea spp.,RS1_S_4
362,22/10/2024,M11,2,A0086,E,1,5,22/4/2025,1,Porites spp.,M11_2
363,19/10/2024,M13,1,A0051,D,1,5.5,21/4/2025,0,Porites spp.,M13_1
364,20/10/2024,M13,3,A0049,B,1,7,21/4/2025,1,Porites spp.,M13_3
365,23/10/2024,RL1_S,3,A0110,C,1,3.4,23/4/2025,0,Porites spp.,RL1_S_3
366,25/10/2024,RS1_1,1,A0012,C,1,8.6,20/4/2025,1,Porites spp.,RS1_1_1
367,25/10/2024,RS1_1,1,A0016,A,1,5.2,20/4/2025,1,Porites spp.,RS1_1_1
368,25/10/2024,RS1_1,2,A0001,F,1,5.2,20/4/2025,0,Porites spp.,RS1_1_2
369,25/10/2024,RS1_1,2,A0177,C,1,9,20/4/2025,1,Porites spp.,RS1_1_2
370,25/10/2024,RS1_1,2,A0178,C,1,6,20/4/2025,1,Porites spp.,RS1_1_2
371,25/10/2024,RS1_1,2,A0181,C,1,7.4,20/4/2025,1,Porites spp.,RS1_1_2
372,25/10/2024,RS1_1,2,A0182,C,1,1.6,20/4/2025,1,Porites spp.,RS1_1_2
373,25/10/2024,RS1_1,2,A0196,A,1,6.7,20/4/2025,0,Porites spp.,RS1_1_2
374,27/10/2024,RS1_S,2,A0141,B,1,4,25/4/2025,0,Porites spp.,RS1_S_2
375,27/10/2024,RS1_S,2,A0144,B,1,5.6,25/4/2025,1,Porites spp.,RS1_S_2
376,27/10/2024,RS1_S,4,A0142,F,1,8.6,25/4/2025,0,Porites spp.,RS1_S_4
377,29/10/2024,M13,3,A0484,A,1,2,21/4/2025,0,Porites spp.,M13_3
378,26/10/2024,RS1_1,1,A0406,I,1,5.6,20/4/2025,1,Porites spp.,RS1_1_1
379,29/10/2024,RS1_1,1,A0455,G,1,1,20/4/2025,0,Porites spp.,RS1_1_1
380,29/10/2024,RS1_1,1,A0486,C,1,1,20/4/2025,0,Porites spp.,RS1_1_1