ID,Site,Plot,Taxa,T1_Survival,year,Size_x,Disturbance,Site_Plot
1,SL1,1,Acropora spicifera,1,6 to 7,6.61,ND,SL1_1
10,SL1,1,Acropora spicifera,1,6 to 7,7.91,ND,SL1_1
13,SL1,1,Acropora spicifera,1,6 to 7,6.16,ND,SL1_1
57,SL1,1,Acropora spicifera,1,6 to 7,5.69,ND,SL1_1
63,SL1,1,Acropora spicifera,1,6 to 7,4.7,ND,SL1_1
64,SL1,1,Acropora spicifera,0,6 to 7,3.28,ND,SL1_1
75,SL1,1,Acropora spicifera,1,6 to 7,7.41,ND,SL1_1
89,SL1,1,Acropora spicifera,1,6 to 7,4.66,ND,SL1_1
93,SL1,1,Acropora spicifera,1,6 to 7,5.81,ND,SL1_1
94,SL1,1,Acropora spicifera,1,6 to 7,5.07,ND,SL1_1
102,SL1,1,Acropora spicifera,1,6 to 7,6.94,ND,SL1_1
104,SL1,1,Acropora spicifera,1,6 to 7,6.55,ND,SL1_1
107,SL1,1,Acropora spicifera,1,6 to 7,2.94,ND,SL1_1
373,SL1,1,Acropora spicifera,1,6 to 7,4.1,ND,SL1_1
424,SL1,1,Acropora spicifera,0,6 to 7,3.47,ND,SL1_1
425,SL1,1,Acropora spicifera,1,6 to 7,4.75,ND,SL1_1
426,SL1,1,Acropora spicifera,1,6 to 7,2.32,ND,SL1_1
493,SL1,1,Acropora spicifera,1,6 to 7,5.64,ND,SL1_1
496,SL1,1,Acropora spicifera,1,6 to 7,4.88,ND,SL1_1
497,SL1,1,Acropora spicifera,1,6 to 7,3.16,ND,SL1_1
499,SL1,1,Acropora spicifera,1,6 to 7,2.72,ND,SL1_1
500,SL1,1,Acropora spicifera,1,6 to 7,4.16,ND,SL1_1
503,SL1,1,Acropora spicifera,1,6 to 7,5.09,ND,SL1_1
504,SL1,1,Acropora spicifera,1,6 to 7,5.38,ND,SL1_1
593,SL1,1,Acropora spicifera,0,6 to 7,4,ND,SL1_1
594,SL1,1,Acropora spicifera,1,6 to 7,4.08,ND,SL1_1
595,SL1,1,Acropora spicifera,1,6 to 7,6.41,ND,SL1_1
596,SL1,1,Acropora spicifera,1,6 to 7,4.92,ND,SL1_1
597,SL1,1,Acropora spicifera,1,6 to 7,5.09,ND,SL1_1
623,SL1,1,Acropora spicifera,1,6 to 7,3.88,ND,SL1_1
634,SL1,1,Acropora spicifera,1,6 to 7,8.26,ND,SL1_1
636,SL1,1,Acropora spicifera,0,6 to 7,4.58,ND,SL1_1
637,SL1,1,Acropora spicifera,1,6 to 7,4.99,ND,SL1_1
651,SL1,1,Acropora spicifera,1,6 to 7,3.27,ND,SL1_1
653,SL1,1,Acropora spicifera,1,6 to 7,3.03,ND,SL1_1
900,SL1,2,Acropora spicifera,1,6 to 7,5.81,ND,SL1_2
901,SL1,2,Acropora spicifera,1,6 to 7,6.5,ND,SL1_2
910,SL1,2,Acropora spicifera,1,6 to 7,9.17,ND,SL1_2
911,SL1,2,Acropora spicifera,1,6 to 7,9.15,ND,SL1_2
912,SL1,2,Acropora spicifera,1,6 to 7,8.84,ND,SL1_2
921,SL1,2,Acropora spicifera,1,6 to 7,4.81,ND,SL1_2
929,SL1,2,Acropora spicifera,1,6 to 7,2.73,ND,SL1_2
934,SL1,2,Acropora spicifera,1,6 to 7,5.7,ND,SL1_2
1072,SL1,2,Acropora spicifera,1,6 to 7,4.95,ND,SL1_2
1076,SL1,2,Acropora spicifera,0,6 to 7,4.86,ND,SL1_2
1084,SL1,2,Acropora spicifera,1,6 to 7,6.95,ND,SL1_2
1088,SL1,2,Acropora spicifera,1,6 to 7,4.25,ND,SL1_2
1094,SL1,2,Acropora spicifera,1,6 to 7,7.13,ND,SL1_2
1097,SL1,2,Acropora spicifera,1,6 to 7,3.4,ND,SL1_2
1099,SL1,2,Acropora spicifera,1,6 to 7,5.14,ND,SL1_2
1100,SL1,2,Acropora spicifera,1,6 to 7,4.01,ND,SL1_2
1104,SL1,2,Acropora spicifera,1,6 to 7,3.01,ND,SL1_2
1105,SL1,2,Acropora spicifera,1,6 to 7,5.99,ND,SL1_2
1106,SL1,2,Acropora spicifera,1,6 to 7,2.5,ND,SL1_2
1107,SL1,2,Acropora spicifera,1,6 to 7,3.24,ND,SL1_2
1108,SL1,2,Acropora spicifera,1,6 to 7,3.97,ND,SL1_2
1256,SL1,2,Acropora spicifera,1,6 to 7,2.86,ND,SL1_2
1257,SL1,2,Acropora spicifera,1,6 to 7,4.05,ND,SL1_2
1262,SL1,2,Acropora spicifera,1,6 to 7,5.99,ND,SL1_2
1263,SL1,2,Acropora spicifera,1,6 to 7,4.75,ND,SL1_2
1264,SL1,2,Acropora spicifera,1,6 to 7,4.77,ND,SL1_2
1266,SL1,2,Acropora spicifera,1,6 to 7,3.58,ND,SL1_2
1276,SL1,2,Acropora spicifera,1,6 to 7,4.64,ND,SL1_2
1349,SL1,2,Acropora spicifera,1,6 to 7,8.74,ND,SL1_2
1366,SL1,2,Acropora spicifera,1,6 to 7,4.33,ND,SL1_2
1675,SL2,1,Acropora spicifera,1,6 to 7,4.19,ND,SL2_1
1677,SL2,1,Acropora spicifera,1,6 to 7,6.28,ND,SL2_1
1679,SL2,1,Acropora spicifera,1,6 to 7,4.41,ND,SL2_1
1682,SL2,1,Acropora spicifera,1,6 to 7,7.33,ND,SL2_1
1696,SL2,1,Acropora spicifera,1,6 to 7,5.9,ND,SL2_1
1698,SL2,1,Acropora spicifera,1,6 to 7,4.01,ND,SL2_1
1701,SL2,1,Acropora spicifera,1,6 to 7,7.68,ND,SL2_1
1704,SL2,1,Acropora spicifera,1,6 to 7,5.58,ND,SL2_1
1715,SL2,1,Acropora spicifera,1,6 to 7,5.48,ND,SL2_1
1782,SL2,1,Acropora spicifera,1,6 to 7,9.36,ND,SL2_1
1783,SL2,1,Acropora spicifera,1,6 to 7,8.02,ND,SL2_1
1787,SL2,1,Acropora spicifera,1,6 to 7,8.22,ND,SL2_1
1792,SL2,1,Acropora spicifera,1,6 to 7,6.46,ND,SL2_1
1795,SL2,1,Acropora spicifera,1,6 to 7,6.28,ND,SL2_1
1850,SL2,1,Acropora spicifera,1,6 to 7,3.64,ND,SL2_1
1857,SL2,1,Acropora spicifera,1,6 to 7,6.67,ND,SL2_1
1861,SL2,1,Acropora spicifera,1,6 to 7,2.82,ND,SL2_1
1863,SL2,1,Acropora spicifera,1,6 to 7,7.69,ND,SL2_1
1868,SL2,1,Acropora spicifera,1,6 to 7,9.95,ND,SL2_1
2027,SL2,1,Acropora spicifera,1,6 to 7,6.96,ND,SL2_1
2028,SL2,1,Acropora spicifera,1,6 to 7,2.14,ND,SL2_1
2033,SL2,1,Acropora spicifera,1,6 to 7,6.72,ND,SL2_1
2042,SL2,1,Acropora spicifera,1,6 to 7,1.68,ND,SL2_1
2056,SL2,1,Acropora spicifera,1,6 to 7,2.9,ND,SL2_1
2060,SL2,1,Acropora spicifera,1,6 to 7,1.85,ND,SL2_1
2102,SL2,1,Acropora spicifera,1,6 to 7,9.81,ND,SL2_1
2103,SL2,1,Acropora spicifera,1,6 to 7,5.59,ND,SL2_1
2108,SL2,1,Acropora spicifera,1,6 to 7,2.04,ND,SL2_1
2135,SL2,1,Acropora spicifera,1,6 to 7,5.9,ND,SL2_1
2138,SL2,1,Acropora spicifera,1,6 to 7,3.96,ND,SL2_1
2146,SL2,1,Acropora spicifera,1,6 to 7,8.83,ND,SL2_1
2149,SL2,1,Acropora spicifera,1,6 to 7,3.5,ND,SL2_1
2152,SL2,1,Acropora spicifera,1,6 to 7,6.45,ND,SL2_1
2162,SL2,1,Acropora spicifera,1,6 to 7,5.07,ND,SL2_1
2164,SL2,1,Acropora spicifera,1,6 to 7,2.7,ND,SL2_1
2166,SL2,1,Acropora spicifera,1,6 to 7,4.19,ND,SL2_1
2186,SL2,1,Acropora spicifera,1,6 to 7,7.13,ND,SL2_1
2190,SL2,1,Acropora spicifera,1,6 to 7,6.75,ND,SL2_1
2206,SL2,1,Acropora spicifera,1,6 to 7,5.75,ND,SL2_1
2207,SL2,1,Acropora spicifera,1,6 to 7,3.6,ND,SL2_1
2208,SL2,1,Acropora spicifera,1,6 to 7,5.6,ND,SL2_1
2336,SL2,2,Acropora spicifera,1,6 to 7,6.25,ND,SL2_2
2345,SL2,2,Acropora spicifera,1,6 to 7,3.36,ND,SL2_2
2346,SL2,2,Acropora spicifera,0,6 to 7,4.93,ND,SL2_2
2348,SL2,2,Acropora spicifera,1,6 to 7,8.9,ND,SL2_2
2353,SL2,2,Acropora spicifera,1,6 to 7,5.27,ND,SL2_2
2430,SL2,2,Acropora spicifera,1,6 to 7,4.22,ND,SL2_2
2434,SL2,2,Acropora spicifera,1,6 to 7,9.62,ND,SL2_2
2438,SL2,2,Acropora spicifera,1,6 to 7,8.46,ND,SL2_2
2449,SL2,2,Acropora spicifera,1,6 to 7,7.23,ND,SL2_2
2454,SL2,2,Acropora spicifera,1,6 to 7,6.66,ND,SL2_2
2459,SL2,2,Acropora spicifera,1,6 to 7,6.84,ND,SL2_2
2461,SL2,2,Acropora spicifera,1,6 to 7,7.6,ND,SL2_2
2467,SL2,2,Acropora spicifera,1,6 to 7,7.65,ND,SL2_2
2705,SL2,2,Acropora spicifera,1,6 to 7,6.63,ND,SL2_2
2711,SL2,2,Acropora spicifera,1,6 to 7,8.36,ND,SL2_2
2720,SL2,2,Acropora spicifera,1,6 to 7,1.8,ND,SL2_2
2721,SL2,2,Acropora spicifera,1,6 to 7,3.6,ND,SL2_2
2741,SL2,2,Acropora spicifera,1,6 to 7,9.47,ND,SL2_2
2745,SL2,2,Acropora spicifera,1,6 to 7,4,ND,SL2_2
2746,SL2,2,Acropora spicifera,1,6 to 7,9.08,ND,SL2_2
2747,SL2,2,Acropora spicifera,1,6 to 7,3.12,ND,SL2_2
2758,SL2,2,Acropora spicifera,1,6 to 7,2.79,ND,SL2_2
2759,SL2,2,Acropora spicifera,1,6 to 7,1.89,ND,SL2_2
2762,SL2,2,Acropora spicifera,1,6 to 7,7.5,ND,SL2_2
2766,SL2,2,Acropora spicifera,1,6 to 7,8.78,ND,SL2_2
2796,SL2,2,Acropora spicifera,1,6 to 7,8.86,ND,SL2_2
3015,SL3,1,Acropora spicifera,1,6 to 7,4.91,MC,SL3_1
3021,SL3,1,Acropora spicifera,1,6 to 7,6.09,MC,SL3_1
3022,SL3,1,Acropora spicifera,1,6 to 7,4.6,MC,SL3_1
3024,SL3,1,Acropora spicifera,1,6 to 7,6.22,MC,SL3_1
3026,SL3,1,Acropora spicifera,1,6 to 7,4.31,MC,SL3_1
3028,SL3,1,Acropora spicifera,1,6 to 7,7.19,MC,SL3_1
3029,SL3,1,Acropora spicifera,1,6 to 7,4.99,MC,SL3_1
3035,SL3,1,Acropora spicifera,1,6 to 7,6.44,MC,SL3_1
3065,SL3,1,Acropora spicifera,1,6 to 7,4.55,MC,SL3_1
3066,SL3,1,Acropora spicifera,0,6 to 7,6.48,MC,SL3_1
3144,SL3,1,Acropora spicifera,1,6 to 7,3.93,MC,SL3_1
3149,SL3,1,Acropora spicifera,1,6 to 7,4.65,MC,SL3_1
3152,SL3,1,Acropora spicifera,1,6 to 7,4.84,MC,SL3_1
3154,SL3,1,Acropora spicifera,1,6 to 7,5.7,MC,SL3_1
3156,SL3,1,Acropora spicifera,1,6 to 7,8,MC,SL3_1
3159,SL3,1,Acropora spicifera,0,6 to 7,8.75,MC,SL3_1
3160,SL3,1,Acropora spicifera,1,6 to 7,4.92,MC,SL3_1
3161,SL3,1,Acropora spicifera,0,6 to 7,8.82,MC,SL3_1
3162,SL3,1,Acropora spicifera,1,6 to 7,6.47,MC,SL3_1
3164,SL3,1,Acropora spicifera,1,6 to 7,6.54,MC,SL3_1
3168,SL3,1,Acropora spicifera,0,6 to 7,7.02,MC,SL3_1
3172,SL3,1,Acropora spicifera,1,6 to 7,8.6,MC,SL3_1
3371,SL3,1,Acropora spicifera,1,6 to 7,5.72,MC,SL3_1
3381,SL3,1,Acropora spicifera,1,6 to 7,9.47,MC,SL3_1
3384,SL3,1,Acropora spicifera,1,6 to 7,9.05,MC,SL3_1
3386,SL3,1,Acropora spicifera,1,6 to 7,7.95,MC,SL3_1
3417,SL3,1,Acropora spicifera,1,6 to 7,8.44,MC,SL3_1
3419,SL3,1,Acropora spicifera,1,6 to 7,3.78,MC,SL3_1
3429,SL3,1,Acropora spicifera,1,6 to 7,2.72,MC,SL3_1
3483,SL3,1,Acropora spicifera,1,6 to 7,7.9,MC,SL3_1
3484,SL3,1,Acropora spicifera,1,6 to 7,8.54,MC,SL3_1
3492,SL3,1,Acropora spicifera,1,6 to 7,6.04,MC,SL3_1
3495,SL3,1,Acropora spicifera,1,6 to 7,5.48,MC,SL3_1
3498,SL3,1,Acropora spicifera,0,6 to 7,8.58,MC,SL3_1
3518,SL3,1,Acropora spicifera,1,6 to 7,5.23,MC,SL3_1
3521,SL3,1,Acropora spicifera,1,6 to 7,8.49,MC,SL3_1
3527,SL3,1,Acropora spicifera,1,6 to 7,7.01,MC,SL3_1
3529,SL3,1,Acropora spicifera,1,6 to 7,3.04,MC,SL3_1
3535,SL3,1,Acropora spicifera,0,6 to 7,8.46,MC,SL3_1
3542,SL3,1,Acropora spicifera,0,6 to 7,9.24,MC,SL3_1
3545,SL3,1,Acropora spicifera,1,6 to 7,7.76,MC,SL3_1
3547,SL3,1,Acropora spicifera,1,6 to 7,4.95,MC,SL3_1
3809,SL3,2,Acropora spicifera,1,6 to 7,3.24,MC,SL3_2
3810,SL3,2,Acropora spicifera,0,6 to 7,1.07,MC,SL3_2
3812,SL3,2,Acropora spicifera,0,6 to 7,5.82,MC,SL3_2
3816,SL3,2,Acropora spicifera,0,6 to 7,5.3,MC,SL3_2
3817,SL3,2,Acropora spicifera,1,6 to 7,5.65,MC,SL3_2
3830,SL3,2,Acropora spicifera,0,6 to 7,3.14,MC,SL3_2
3831,SL3,2,Acropora spicifera,1,6 to 7,4.99,MC,SL3_2
3845,SL3,2,Acropora spicifera,1,6 to 7,7.04,MC,SL3_2
3861,SL3,2,Acropora spicifera,0,6 to 7,6.29,MC,SL3_2
3866,SL3,2,Acropora spicifera,1,6 to 7,6.28,MC,SL3_2
3872,SL3,2,Acropora spicifera,1,6 to 7,4.18,MC,SL3_2
3887,SL3,2,Acropora spicifera,0,6 to 7,9.51,MC,SL3_2
3888,SL3,2,Acropora spicifera,0,6 to 7,6.95,MC,SL3_2
3892,SL3,2,Acropora spicifera,1,6 to 7,5.54,MC,SL3_2
3901,SL3,2,Acropora spicifera,1,6 to 7,6.26,MC,SL3_2
3903,SL3,2,Acropora spicifera,1,6 to 7,6.81,MC,SL3_2
3904,SL3,2,Acropora spicifera,1,6 to 7,4.19,MC,SL3_2
3905,SL3,2,Acropora spicifera,1,6 to 7,4.97,MC,SL3_2
4108,SL3,2,Acropora spicifera,0,6 to 7,3.12,MC,SL3_2
4110,SL3,2,Acropora spicifera,0,6 to 7,3.58,MC,SL3_2
4111,SL3,2,Acropora spicifera,0,6 to 7,2.06,MC,SL3_2
4165,SL3,2,Acropora spicifera,1,6 to 7,3.93,MC,SL3_2
4170,SL3,2,Acropora spicifera,1,6 to 7,2.59,MC,SL3_2
4173,SL3,2,Acropora spicifera,0,6 to 7,5.36,MC,SL3_2
4176,SL3,2,Acropora spicifera,1,6 to 7,4.66,MC,SL3_2
4191,SL3,2,Acropora spicifera,1,6 to 7,6.74,MC,SL3_2
4199,SL3,2,Acropora spicifera,1,6 to 7,4.84,MC,SL3_2
4202,SL3,2,Acropora spicifera,1,6 to 7,4.89,MC,SL3_2
4205,SL3,2,Acropora spicifera,1,6 to 7,4.15,MC,SL3_2
4261,SL3,2,Acropora spicifera,0,6 to 7,3.51,MC,SL3_2
4271,SL3,2,Acropora spicifera,0,6 to 7,3.23,MC,SL3_2
4463,SL4,1,Acropora spicifera,1,6 to 7,4.84,MC,SL4_1
4464,SL4,1,Acropora spicifera,1,6 to 7,7.8,MC,SL4_1
4466,SL4,1,Acropora spicifera,1,6 to 7,6.29,MC,SL4_1
4467,SL4,1,Acropora spicifera,1,6 to 7,8.44,MC,SL4_1
4471,SL4,1,Acropora spicifera,1,6 to 7,9.27,MC,SL4_1
4475,SL4,1,Acropora spicifera,1,6 to 7,0.19,MC,SL4_1
4477,SL4,1,Acropora spicifera,1,6 to 7,6.23,MC,SL4_1
4479,SL4,1,Acropora spicifera,1,6 to 7,4.8,MC,SL4_1
4483,SL4,1,Acropora spicifera,1,6 to 7,4.33,MC,SL4_1
4485,SL4,1,Acropora spicifera,1,6 to 7,5.51,MC,SL4_1
4496,SL4,1,Acropora spicifera,1,6 to 7,4.58,MC,SL4_1
4497,SL4,1,Acropora spicifera,1,6 to 7,3.96,MC,SL4_1
4499,SL4,1,Acropora spicifera,1,6 to 7,2.47,MC,SL4_1
4505,SL4,1,Acropora spicifera,0,6 to 7,8.61,MC,SL4_1
4507,SL4,1,Acropora spicifera,1,6 to 7,5.75,MC,SL4_1
4509,SL4,1,Acropora spicifera,1,6 to 7,5.16,MC,SL4_1
4512,SL4,1,Acropora spicifera,1,6 to 7,7.14,MC,SL4_1
4515,SL4,1,Acropora spicifera,1,6 to 7,6.25,MC,SL4_1
4519,SL4,1,Acropora spicifera,1,6 to 7,5.14,MC,SL4_1
4520,SL4,1,Acropora spicifera,1,6 to 7,4.75,MC,SL4_1
4529,SL4,1,Acropora spicifera,1,6 to 7,4.28,MC,SL4_1
4530,SL4,1,Acropora spicifera,1,6 to 7,8.21,MC,SL4_1
4533,SL4,1,Acropora spicifera,0,6 to 7,5.04,MC,SL4_1
4536,SL4,1,Acropora spicifera,1,6 to 7,9.66,MC,SL4_1
4537,SL4,1,Acropora spicifera,1,6 to 7,7.84,MC,SL4_1
4538,SL4,1,Acropora spicifera,1,6 to 7,5.45,MC,SL4_1
4547,SL4,1,Acropora spicifera,1,6 to 7,4.04,MC,SL4_1
4548,SL4,1,Acropora spicifera,1,6 to 7,5.48,MC,SL4_1
4708,SL4,1,Acropora spicifera,1,6 to 7,2.42,MC,SL4_1
4713,SL4,1,Acropora spicifera,0,6 to 7,4.55,MC,SL4_1
4714,SL4,1,Acropora spicifera,1,6 to 7,8.52,MC,SL4_1
4716,SL4,1,Acropora spicifera,1,6 to 7,4.91,MC,SL4_1
4718,SL4,1,Acropora spicifera,1,6 to 7,6.11,MC,SL4_1
4720,SL4,1,Acropora spicifera,1,6 to 7,4.1,MC,SL4_1
4734,SL4,1,Acropora spicifera,1,6 to 7,2.86,MC,SL4_1
4737,SL4,1,Acropora spicifera,1,6 to 7,6.44,MC,SL4_1
4743,SL4,1,Acropora spicifera,1,6 to 7,4.58,MC,SL4_1
4747,SL4,1,Acropora spicifera,0,6 to 7,4.2,MC,SL4_1
4748,SL4,1,Acropora spicifera,1,6 to 7,2.34,MC,SL4_1
4751,SL4,1,Acropora spicifera,1,6 to 7,6.39,MC,SL4_1
4753,SL4,1,Acropora spicifera,1,6 to 7,4.5,MC,SL4_1
4761,SL4,1,Acropora spicifera,1,6 to 7,3.44,MC,SL4_1
4762,SL4,1,Acropora spicifera,1,6 to 7,5.06,MC,SL4_1
4763,SL4,1,Acropora spicifera,1,6 to 7,4.19,MC,SL4_1
4807,SL4,1,Acropora spicifera,0,6 to 7,6.19,MC,SL4_1
4809,SL4,1,Acropora spicifera,1,6 to 7,6.56,MC,SL4_1
4816,SL4,1,Acropora spicifera,0,6 to 7,8.46,MC,SL4_1
4817,SL4,1,Acropora spicifera,1,6 to 7,7.36,MC,SL4_1
4819,SL4,1,Acropora spicifera,1,6 to 7,6.92,MC,SL4_1
4820,SL4,1,Acropora spicifera,1,6 to 7,3.03,MC,SL4_1
4825,SL4,1,Acropora spicifera,1,6 to 7,3.2,MC,SL4_1
4826,SL4,1,Acropora spicifera,1,6 to 7,3.52,MC,SL4_1
4827,SL4,1,Acropora spicifera,1,6 to 7,5.8,MC,SL4_1
4833,SL4,1,Acropora spicifera,1,6 to 7,2.47,MC,SL4_1
4836,SL4,1,Acropora spicifera,1,6 to 7,8.95,MC,SL4_1
4839,SL4,1,Acropora spicifera,1,6 to 7,4.35,MC,SL4_1
5050,SL4,2,Acropora spicifera,1,6 to 7,4.86,MC,SL4_2
5051,SL4,2,Acropora spicifera,0,6 to 7,8.28,MC,SL4_2
5055,SL4,2,Acropora spicifera,0,6 to 7,9.36,MC,SL4_2
5059,SL4,2,Acropora spicifera,0,6 to 7,4.42,MC,SL4_2
5068,SL4,2,Acropora spicifera,1,6 to 7,7.4,MC,SL4_2
5075,SL4,2,Acropora spicifera,1,6 to 7,9.41,MC,SL4_2
5076,SL4,2,Acropora spicifera,1,6 to 7,5.65,MC,SL4_2
5077,SL4,2,Acropora spicifera,1,6 to 7,6.79,MC,SL4_2
5078,SL4,2,Acropora spicifera,1,6 to 7,7.95,MC,SL4_2
5088,SL4,2,Acropora spicifera,1,6 to 7,4.84,MC,SL4_2
5089,SL4,2,Acropora spicifera,1,6 to 7,3.54,MC,SL4_2
5127,SL4,2,Acropora spicifera,1,6 to 7,5.43,MC,SL4_2
5128,SL4,2,Acropora spicifera,0,6 to 7,3.82,MC,SL4_2
5132,SL4,2,Acropora spicifera,1,6 to 7,3.93,MC,SL4_2
5133,SL4,2,Acropora spicifera,0,6 to 7,4.66,MC,SL4_2
5134,SL4,2,Acropora spicifera,1,6 to 7,5.01,MC,SL4_2
5135,SL4,2,Acropora spicifera,1,6 to 7,4.41,MC,SL4_2
5138,SL4,2,Acropora spicifera,0,6 to 7,3.74,MC,SL4_2
5139,SL4,2,Acropora spicifera,1,6 to 7,3.64,MC,SL4_2
5142,SL4,2,Acropora spicifera,0,6 to 7,5.94,MC,SL4_2
5145,SL4,2,Acropora spicifera,1,6 to 7,7.85,MC,SL4_2
5148,SL4,2,Acropora spicifera,1,6 to 7,5.64,MC,SL4_2
5308,SL4,2,Acropora spicifera,1,6 to 7,5.51,MC,SL4_2
5322,SL4,2,Acropora spicifera,1,6 to 7,4.09,MC,SL4_2
5326,SL4,2,Acropora spicifera,1,6 to 7,7.42,MC,SL4_2
5333,SL4,2,Acropora spicifera,1,6 to 7,5.84,MC,SL4_2
5356,SL4,2,Acropora spicifera,1,6 to 7,9.67,MC,SL4_2
5378,SL4,2,Acropora spicifera,1,6 to 7,5.92,MC,SL4_2
5381,SL4,2,Acropora spicifera,1,6 to 7,4.83,MC,SL4_2
5388,SL4,2,Acropora spicifera,1,6 to 7,5.57,MC,SL4_2
5392,SL4,2,Acropora spicifera,1,6 to 7,5.09,MC,SL4_2
5403,SL4,2,Acropora spicifera,1,6 to 7,5.37,MC,SL4_2
5405,SL4,2,Acropora spicifera,1,6 to 7,8.14,MC,SL4_2
5407,SL4,2,Acropora spicifera,1,6 to 7,6.47,MC,SL4_2
5416,SL4,2,Acropora spicifera,1,6 to 7,5.66,MC,SL4_2
5418,SL4,2,Acropora spicifera,1,6 to 7,3.64,MC,SL4_2
5420,SL4,2,Acropora spicifera,1,6 to 7,7.73,MC,SL4_2
5461,SL4,2,Acropora spicifera,1,6 to 7,5.09,MC,SL4_2
5464,SL4,2,Acropora spicifera,0,6 to 7,7.61,MC,SL4_2
5466,SL4,2,Acropora spicifera,0,6 to 7,6.49,MC,SL4_2
5468,SL4,2,Acropora spicifera,1,6 to 7,7.87,MC,SL4_2
1,SL1,1,Acropora spicifera,1,7 to 8,8.56,ND,SL1_1
57,SL1,1,Acropora spicifera,1,7 to 8,5.21,ND,SL1_1
75,SL1,1,Acropora spicifera,1,7 to 8,7.69,ND,SL1_1
102,SL1,1,Acropora spicifera,1,7 to 8,7.28,ND,SL1_1
107,SL1,1,Acropora spicifera,1,7 to 8,5.73,ND,SL1_1
406,SL1,1,Acropora spicifera,1,7 to 8,3.65,ND,SL1_1
426,SL1,1,Acropora spicifera,0,7 to 8,6,ND,SL1_1
436,SL1,1,Acropora spicifera,1,7 to 8,4.06,ND,SL1_1
437,SL1,1,Acropora spicifera,1,7 to 8,6.02,ND,SL1_1
438,SL1,1,Acropora spicifera,1,7 to 8,2.4,ND,SL1_1
445,SL1,1,Acropora spicifera,1,7 to 8,3.64,ND,SL1_1
446,SL1,1,Acropora spicifera,1,7 to 8,3.08,ND,SL1_1
456,SL1,1,Acropora spicifera,1,7 to 8,1.79,ND,SL1_1
457,SL1,1,Acropora spicifera,1,7 to 8,7.16,ND,SL1_1
458,SL1,1,Acropora spicifera,1,7 to 8,7.93,ND,SL1_1
468,SL1,1,Acropora spicifera,1,7 to 8,3.55,ND,SL1_1
475,SL1,1,Acropora spicifera,0,7 to 8,7.15,ND,SL1_1
481,SL1,1,Acropora spicifera,0,7 to 8,3.43,ND,SL1_1
484,SL1,1,Acropora spicifera,1,7 to 8,9.31,ND,SL1_1
487,SL1,1,Acropora spicifera,1,7 to 8,3.59,ND,SL1_1
495,SL1,1,Acropora spicifera,1,7 to 8,8.14,ND,SL1_1
497,SL1,1,Acropora spicifera,1,7 to 8,7.23,ND,SL1_1
500,SL1,1,Acropora spicifera,1,7 to 8,5.38,ND,SL1_1
506,SL1,1,Acropora spicifera,0,7 to 8,6.44,ND,SL1_1
535,SL1,1,Acropora spicifera,1,7 to 8,8.03,ND,SL1_1
589,SL1,1,Acropora spicifera,1,7 to 8,7.93,ND,SL1_1
595,SL1,1,Acropora spicifera,1,7 to 8,6.24,ND,SL1_1
626,SL1,1,Acropora spicifera,0,7 to 8,3.78,ND,SL1_1
627,SL1,1,Acropora spicifera,1,7 to 8,1.89,ND,SL1_1
634,SL1,1,Acropora spicifera,0,7 to 8,6.32,ND,SL1_1
637,SL1,1,Acropora spicifera,1,7 to 8,7.09,ND,SL1_1
857,SL1,2,Acropora spicifera,1,7 to 8,5.29,ND,SL1_2
860,SL1,2,Acropora spicifera,1,7 to 8,4.37,ND,SL1_2
863,SL1,2,Acropora spicifera,1,7 to 8,7.75,ND,SL1_2
866,SL1,2,Acropora spicifera,1,7 to 8,7.08,ND,SL1_2
873,SL1,2,Acropora spicifera,1,7 to 8,5.61,ND,SL1_2
875,SL1,2,Acropora spicifera,1,7 to 8,8.32,ND,SL1_2
876,SL1,2,Acropora spicifera,1,7 to 8,4.29,ND,SL1_2
878,SL1,2,Acropora spicifera,1,7 to 8,5.77,ND,SL1_2
885,SL1,2,Acropora spicifera,1,7 to 8,4.44,ND,SL1_2
907,SL1,2,Acropora spicifera,1,7 to 8,6.34,ND,SL1_2
908,SL1,2,Acropora spicifera,1,7 to 8,5.5,ND,SL1_2
910,SL1,2,Acropora spicifera,1,7 to 8,8.19,ND,SL1_2
911,SL1,2,Acropora spicifera,1,7 to 8,8.34,ND,SL1_2
921,SL1,2,Acropora spicifera,1,7 to 8,6.81,ND,SL1_2
929,SL1,2,Acropora spicifera,1,7 to 8,5.1,ND,SL1_2
1072,SL1,2,Acropora spicifera,1,7 to 8,9.57,ND,SL1_2
1088,SL1,2,Acropora spicifera,1,7 to 8,6.3,ND,SL1_2
1094,SL1,2,Acropora spicifera,1,7 to 8,5.66,ND,SL1_2
1097,SL1,2,Acropora spicifera,1,7 to 8,6.35,ND,SL1_2
1099,SL1,2,Acropora spicifera,1,7 to 8,8.25,ND,SL1_2
1100,SL1,2,Acropora spicifera,1,7 to 8,6.73,ND,SL1_2
1106,SL1,2,Acropora spicifera,1,7 to 8,5.7,ND,SL1_2
1107,SL1,2,Acropora spicifera,1,7 to 8,4.24,ND,SL1_2
1108,SL1,2,Acropora spicifera,1,7 to 8,5.87,ND,SL1_2
1256,SL1,2,Acropora spicifera,1,7 to 8,5.21,ND,SL1_2
1257,SL1,2,Acropora spicifera,1,7 to 8,7.09,ND,SL1_2
1266,SL1,2,Acropora spicifera,1,7 to 8,6.63,ND,SL1_2
1351,SL1,2,Acropora spicifera,1,7 to 8,9.45,ND,SL1_2
1360,SL1,2,Acropora spicifera,0,7 to 8,1.92,ND,SL1_2
1387,SL1,2,Acropora spicifera,1,7 to 8,3.93,ND,SL1_2
1388,SL1,2,Acropora spicifera,1,7 to 8,1.88,ND,SL1_2
1677,SL2,1,Acropora spicifera,1,7 to 8,6.23,ND,SL2_1
1795,SL2,1,Acropora spicifera,1,7 to 8,9.79,ND,SL2_1
1861,SL2,1,Acropora spicifera,1,7 to 8,8.26,ND,SL2_1
1991,SL2,1,Acropora spicifera,1,7 to 8,7.31,ND,SL2_1
2028,SL2,1,Acropora spicifera,0,7 to 8,4.6,ND,SL2_1
2042,SL2,1,Acropora spicifera,1,7 to 8,4.46,ND,SL2_1
2056,SL2,1,Acropora spicifera,1,7 to 8,6.77,ND,SL2_1
2108,SL2,1,Acropora spicifera,1,7 to 8,3.44,ND,SL2_1
2149,SL2,1,Acropora spicifera,1,7 to 8,7.45,ND,SL2_1
2166,SL2,1,Acropora spicifera,1,7 to 8,9.87,ND,SL2_1
2171,SL2,1,Acropora spicifera,1,7 to 8,8.68,ND,SL2_1
2180,SL2,1,Acropora spicifera,1,7 to 8,5.33,ND,SL2_1
2196,SL2,1,Acropora spicifera,1,7 to 8,4.64,ND,SL2_1
2213,SL2,1,Acropora spicifera,1,7 to 8,3.05,ND,SL2_1
2336,SL2,2,Acropora spicifera,1,7 to 8,9.4,ND,SL2_2
2345,SL2,2,Acropora spicifera,1,7 to 8,9.34,ND,SL2_2
2476,SL2,2,Acropora spicifera,1,7 to 8,3.71,ND,SL2_2
2487,SL2,2,Acropora spicifera,1,7 to 8,5.49,ND,SL2_2
2488,SL2,2,Acropora spicifera,1,7 to 8,4.42,ND,SL2_2
2489,SL2,2,Acropora spicifera,1,7 to 8,5.48,ND,SL2_2
2494,SL2,2,Acropora spicifera,1,7 to 8,7.21,ND,SL2_2
2497,SL2,2,Acropora spicifera,1,7 to 8,5.3,ND,SL2_2
2502,SL2,2,Acropora spicifera,1,7 to 8,5.26,ND,SL2_2
2508,SL2,2,Acropora spicifera,1,7 to 8,4.95,ND,SL2_2
2513,SL2,2,Acropora spicifera,1,7 to 8,1.61,ND,SL2_2
2683,SL2,2,Acropora spicifera,1,7 to 8,3.81,ND,SL2_2
2684,SL2,2,Acropora spicifera,1,7 to 8,3.73,ND,SL2_2
2688,SL2,2,Acropora spicifera,1,7 to 8,3.44,ND,SL2_2
2689,SL2,2,Acropora spicifera,0,7 to 8,4.13,ND,SL2_2
2694,SL2,2,Acropora spicifera,1,7 to 8,2.7,ND,SL2_2
2720,SL2,2,Acropora spicifera,1,7 to 8,2.97,ND,SL2_2
2729,SL2,2,Acropora spicifera,1,7 to 8,0.95,ND,SL2_2
2734,SL2,2,Acropora spicifera,1,7 to 8,1.05,ND,SL2_2
2735,SL2,2,Acropora spicifera,1,7 to 8,0.59,ND,SL2_2
2736,SL2,2,Acropora spicifera,0,7 to 8,1.09,ND,SL2_2
2737,SL2,2,Acropora spicifera,1,7 to 8,2.41,ND,SL2_2
2753,SL2,2,Acropora spicifera,1,7 to 8,5.2,ND,SL2_2
2758,SL2,2,Acropora spicifera,0,7 to 8,6.13,ND,SL2_2
2759,SL2,2,Acropora spicifera,1,7 to 8,3.09,ND,SL2_2
2770,SL2,2,Acropora spicifera,0,7 to 8,2.8,ND,SL2_2
2854,SL2,2,Acropora spicifera,1,7 to 8,2.21,ND,SL2_2
2860,SL2,2,Acropora spicifera,1,7 to 8,2.2,ND,SL2_2
2868,SL2,2,Acropora spicifera,1,7 to 8,7.98,ND,SL2_2
2869,SL2,2,Acropora spicifera,1,7 to 8,1.98,ND,SL2_2
2870,SL2,2,Acropora spicifera,1,7 to 8,2.41,ND,SL2_2
2872,SL2,2,Acropora spicifera,1,7 to 8,2.38,ND,SL2_2
2874,SL2,2,Acropora spicifera,1,7 to 8,3.41,ND,SL2_2
2875,SL2,2,Acropora spicifera,1,7 to 8,3.43,ND,SL2_2
2877,SL2,2,Acropora spicifera,1,7 to 8,2.17,ND,SL2_2
3015,SL3,1,Acropora spicifera,1,7 to 8,7.37,MC,SL3_1
3021,SL3,1,Acropora spicifera,1,7 to 8,5.02,MC,SL3_1
3022,SL3,1,Acropora spicifera,1,7 to 8,7.13,MC,SL3_1
3024,SL3,1,Acropora spicifera,1,7 to 8,7.82,MC,SL3_1
3026,SL3,1,Acropora spicifera,0,7 to 8,5.64,MC,SL3_1
3036,SL3,1,Acropora spicifera,1,7 to 8,6.23,MC,SL3_1
3065,SL3,1,Acropora spicifera,1,7 to 8,6.78,MC,SL3_1
3067,SL3,1,Acropora spicifera,1,7 to 8,3.25,MC,SL3_1
3068,SL3,1,Acropora spicifera,1,7 to 8,3.15,MC,SL3_1
3069,SL3,1,Acropora spicifera,1,7 to 8,2.39,MC,SL3_1
3144,SL3,1,Acropora spicifera,1,7 to 8,8.43,MC,SL3_1
3149,SL3,1,Acropora spicifera,1,7 to 8,6.69,MC,SL3_1
3152,SL3,1,Acropora spicifera,1,7 to 8,5.64,MC,SL3_1
3154,SL3,1,Acropora spicifera,1,7 to 8,8,MC,SL3_1
3156,SL3,1,Acropora spicifera,1,7 to 8,6.66,MC,SL3_1
3182,SL3,1,Acropora spicifera,1,7 to 8,6.66,MC,SL3_1
3183,SL3,1,Acropora spicifera,0,7 to 8,3.05,MC,SL3_1
3184,SL3,1,Acropora spicifera,0,7 to 8,3.87,MC,SL3_1
3190,SL3,1,Acropora spicifera,1,7 to 8,5.04,MC,SL3_1
3191,SL3,1,Acropora spicifera,1,7 to 8,5.9,MC,SL3_1
3192,SL3,1,Acropora spicifera,1,7 to 8,7.18,MC,SL3_1
3194,SL3,1,Acropora spicifera,1,7 to 8,2.6,MC,SL3_1
3195,SL3,1,Acropora spicifera,1,7 to 8,7.67,MC,SL3_1
3196,SL3,1,Acropora spicifera,1,7 to 8,5.59,MC,SL3_1
3200,SL3,1,Acropora spicifera,1,7 to 8,7.87,MC,SL3_1
3207,SL3,1,Acropora spicifera,1,7 to 8,5.35,MC,SL3_1
3208,SL3,1,Acropora spicifera,1,7 to 8,5.36,MC,SL3_1
3339,SL3,1,Acropora spicifera,0,7 to 8,6.17,MC,SL3_1
3350,SL3,1,Acropora spicifera,1,7 to 8,8.01,MC,SL3_1
3354,SL3,1,Acropora spicifera,1,7 to 8,3.9,MC,SL3_1
3356,SL3,1,Acropora spicifera,1,7 to 8,5.16,MC,SL3_1
3358,SL3,1,Acropora spicifera,1,7 to 8,2.66,MC,SL3_1
3361,SL3,1,Acropora spicifera,1,7 to 8,3.21,MC,SL3_1
3362,SL3,1,Acropora spicifera,1,7 to 8,2.67,MC,SL3_1
3366,SL3,1,Acropora spicifera,0,7 to 8,5.22,MC,SL3_1
3384,SL3,1,Acropora spicifera,0,7 to 8,5.61,MC,SL3_1
3385,SL3,1,Acropora spicifera,1,7 to 8,4.78,MC,SL3_1
3386,SL3,1,Acropora spicifera,1,7 to 8,7.21,MC,SL3_1
3387,SL3,1,Acropora spicifera,1,7 to 8,3.21,MC,SL3_1
3393,SL3,1,Acropora spicifera,1,7 to 8,6.35,MC,SL3_1
3399,SL3,1,Acropora spicifera,1,7 to 8,5.28,MC,SL3_1
3400,SL3,1,Acropora spicifera,1,7 to 8,3.35,MC,SL3_1
3401,SL3,1,Acropora spicifera,1,7 to 8,3.76,MC,SL3_1
3402,SL3,1,Acropora spicifera,1,7 to 8,4.88,MC,SL3_1
3411,SL3,1,Acropora spicifera,0,7 to 8,4.44,MC,SL3_1
3429,SL3,1,Acropora spicifera,0,7 to 8,4.1,MC,SL3_1
3436,SL3,1,Acropora spicifera,1,7 to 8,5.05,MC,SL3_1
3483,SL3,1,Acropora spicifera,1,7 to 8,6.86,MC,SL3_1
3484,SL3,1,Acropora spicifera,1,7 to 8,5.5,MC,SL3_1
3489,SL3,1,Acropora spicifera,1,7 to 8,8.99,MC,SL3_1
3492,SL3,1,Acropora spicifera,1,7 to 8,9.61,MC,SL3_1
3495,SL3,1,Acropora spicifera,1,7 to 8,6.63,MC,SL3_1
3509,SL3,1,Acropora spicifera,1,7 to 8,4.51,MC,SL3_1
3513,SL3,1,Acropora spicifera,1,7 to 8,3.42,MC,SL3_1
3518,SL3,1,Acropora spicifera,1,7 to 8,7.78,MC,SL3_1
3522,SL3,1,Acropora spicifera,0,7 to 8,4.32,MC,SL3_1
3527,SL3,1,Acropora spicifera,1,7 to 8,8.79,MC,SL3_1
3529,SL3,1,Acropora spicifera,0,7 to 8,5,MC,SL3_1
3547,SL3,1,Acropora spicifera,1,7 to 8,5.91,MC,SL3_1
3809,SL3,2,Acropora spicifera,1,7 to 8,5.68,MC,SL3_2
3817,SL3,2,Acropora spicifera,1,7 to 8,7.69,MC,SL3_2
3822,SL3,2,Acropora spicifera,1,7 to 8,6.38,MC,SL3_2
3823,SL3,2,Acropora spicifera,1,7 to 8,3.05,MC,SL3_2
3824,SL3,2,Acropora spicifera,1,7 to 8,6.02,MC,SL3_2
3831,SL3,2,Acropora spicifera,1,7 to 8,5.63,MC,SL3_2
3866,SL3,2,Acropora spicifera,1,7 to 8,6.79,MC,SL3_2
3872,SL3,2,Acropora spicifera,1,7 to 8,6.23,MC,SL3_2
3889,SL3,2,Acropora spicifera,1,7 to 8,2.82,MC,SL3_2
3897,SL3,2,Acropora spicifera,1,7 to 8,6.68,MC,SL3_2
3901,SL3,2,Acropora spicifera,1,7 to 8,6.76,MC,SL3_2
3902,SL3,2,Acropora spicifera,1,7 to 8,9.96,MC,SL3_2
3903,SL3,2,Acropora spicifera,1,7 to 8,8.08,MC,SL3_2
3904,SL3,2,Acropora spicifera,1,7 to 8,5.48,MC,SL3_2
3905,SL3,2,Acropora spicifera,1,7 to 8,5.72,MC,SL3_2
3923,SL3,2,Acropora spicifera,1,7 to 8,4.59,MC,SL3_2
3926,SL3,2,Acropora spicifera,1,7 to 8,6.42,MC,SL3_2
3928,SL3,2,Acropora spicifera,1,7 to 8,4.52,MC,SL3_2
3929,SL3,2,Acropora spicifera,1,7 to 8,2.68,MC,SL3_2
3930,SL3,2,Acropora spicifera,1,7 to 8,3.3,MC,SL3_2
3933,SL3,2,Acropora spicifera,1,7 to 8,4.9,MC,SL3_2
3936,SL3,2,Acropora spicifera,1,7 to 8,4.12,MC,SL3_2
3940,SL3,2,Acropora spicifera,1,7 to 8,5.21,MC,SL3_2
4080,SL3,2,Acropora spicifera,1,7 to 8,6.25,MC,SL3_2
4081,SL3,2,Acropora spicifera,0,7 to 8,4.01,MC,SL3_2
4085,SL3,2,Acropora spicifera,0,7 to 8,5.59,MC,SL3_2
4086,SL3,2,Acropora spicifera,0,7 to 8,3.18,MC,SL3_2
4103,SL3,2,Acropora spicifera,1,7 to 8,9.91,MC,SL3_2
4170,SL3,2,Acropora spicifera,1,7 to 8,4.98,MC,SL3_2
4190,SL3,2,Acropora spicifera,1,7 to 8,6.65,MC,SL3_2
4191,SL3,2,Acropora spicifera,1,7 to 8,6.54,MC,SL3_2
4196,SL3,2,Acropora spicifera,0,7 to 8,7.61,MC,SL3_2
4199,SL3,2,Acropora spicifera,1,7 to 8,7.51,MC,SL3_2
4200,SL3,2,Acropora spicifera,1,7 to 8,5.49,MC,SL3_2
4202,SL3,2,Acropora spicifera,1,7 to 8,7.39,MC,SL3_2
4205,SL3,2,Acropora spicifera,0,7 to 8,5.76,MC,SL3_2
4463,SL4,1,Acropora spicifera,1,7 to 8,8.03,MC,SL4_1
4464,SL4,1,Acropora spicifera,1,7 to 8,9.3,MC,SL4_1
4475,SL4,1,Acropora spicifera,1,7 to 8,5.3,MC,SL4_1
4477,SL4,1,Acropora spicifera,1,7 to 8,9.93,MC,SL4_1
4479,SL4,1,Acropora spicifera,0,7 to 8,2.99,MC,SL4_1
4483,SL4,1,Acropora spicifera,1,7 to 8,9.03,MC,SL4_1
4485,SL4,1,Acropora spicifera,1,7 to 8,6.24,MC,SL4_1
4496,SL4,1,Acropora spicifera,1,7 to 8,8.06,MC,SL4_1
4497,SL4,1,Acropora spicifera,1,7 to 8,6.3,MC,SL4_1
4498,SL4,1,Acropora spicifera,1,7 to 8,8.93,MC,SL4_1
4499,SL4,1,Acropora spicifera,1,7 to 8,4.25,MC,SL4_1
4506,SL4,1,Acropora spicifera,1,7 to 8,3.86,MC,SL4_1
4507,SL4,1,Acropora spicifera,1,7 to 8,6.34,MC,SL4_1
4515,SL4,1,Acropora spicifera,0,7 to 8,8.6,MC,SL4_1
4519,SL4,1,Acropora spicifera,1,7 to 8,9.27,MC,SL4_1
4520,SL4,1,Acropora spicifera,0,7 to 8,7.41,MC,SL4_1
4523,SL4,1,Acropora spicifera,1,7 to 8,5.02,MC,SL4_1
4529,SL4,1,Acropora spicifera,1,7 to 8,6.94,MC,SL4_1
4547,SL4,1,Acropora spicifera,0,7 to 8,4.96,MC,SL4_1
4548,SL4,1,Acropora spicifera,1,7 to 8,8.63,MC,SL4_1
4554,SL4,1,Acropora spicifera,1,7 to 8,6.54,MC,SL4_1
4556,SL4,1,Acropora spicifera,1,7 to 8,3.26,MC,SL4_1
4559,SL4,1,Acropora spicifera,1,7 to 8,1.61,MC,SL4_1
4561,SL4,1,Acropora spicifera,0,7 to 8,8.83,MC,SL4_1
4564,SL4,1,Acropora spicifera,0,7 to 8,3.05,MC,SL4_1
4565,SL4,1,Acropora spicifera,1,7 to 8,3.84,MC,SL4_1
4567,SL4,1,Acropora spicifera,1,7 to 8,5.31,MC,SL4_1
4695,SL4,1,Acropora spicifera,1,7 to 8,4.15,MC,SL4_1
4700,SL4,1,Acropora spicifera,1,7 to 8,3.16,MC,SL4_1
4708,SL4,1,Acropora spicifera,1,7 to 8,7.5,MC,SL4_1
4710,SL4,1,Acropora spicifera,1,7 to 8,3.22,MC,SL4_1
4715,SL4,1,Acropora spicifera,1,7 to 8,4.18,MC,SL4_1
4716,SL4,1,Acropora spicifera,1,7 to 8,7,MC,SL4_1
4717,SL4,1,Acropora spicifera,1,7 to 8,3.78,MC,SL4_1
4718,SL4,1,Acropora spicifera,1,7 to 8,8.67,MC,SL4_1
4719,SL4,1,Acropora spicifera,1,7 to 8,3.91,MC,SL4_1
4720,SL4,1,Acropora spicifera,1,7 to 8,5.81,MC,SL4_1
4721,SL4,1,Acropora spicifera,1,7 to 8,9.11,MC,SL4_1
4722,SL4,1,Acropora spicifera,1,7 to 8,3.82,MC,SL4_1
4725,SL4,1,Acropora spicifera,1,7 to 8,3.23,MC,SL4_1
4727,SL4,1,Acropora spicifera,1,7 to 8,3.64,MC,SL4_1
4728,SL4,1,Acropora spicifera,1,7 to 8,3.19,MC,SL4_1
4729,SL4,1,Acropora spicifera,0,7 to 8,4.79,MC,SL4_1
4734,SL4,1,Acropora spicifera,1,7 to 8,4.65,MC,SL4_1
4743,SL4,1,Acropora spicifera,1,7 to 8,6.4,MC,SL4_1
4744,SL4,1,Acropora spicifera,1,7 to 8,3.83,MC,SL4_1
4748,SL4,1,Acropora spicifera,1,7 to 8,4.02,MC,SL4_1
4751,SL4,1,Acropora spicifera,1,7 to 8,7.18,MC,SL4_1
4752,SL4,1,Acropora spicifera,1,7 to 8,7.25,MC,SL4_1
4761,SL4,1,Acropora spicifera,1,7 to 8,4.88,MC,SL4_1
4762,SL4,1,Acropora spicifera,0,7 to 8,5.47,MC,SL4_1
4789,SL4,1,Acropora spicifera,1,7 to 8,7.79,MC,SL4_1
4790,SL4,1,Acropora spicifera,1,7 to 8,4.6,MC,SL4_1
4795,SL4,1,Acropora spicifera,1,7 to 8,6.5,MC,SL4_1
4799,SL4,1,Acropora spicifera,1,7 to 8,6.23,MC,SL4_1
4809,SL4,1,Acropora spicifera,1,7 to 8,9.24,MC,SL4_1
4817,SL4,1,Acropora spicifera,1,7 to 8,5.75,MC,SL4_1
4827,SL4,1,Acropora spicifera,1,7 to 8,7.37,MC,SL4_1
4833,SL4,1,Acropora spicifera,1,7 to 8,3.63,MC,SL4_1
4839,SL4,1,Acropora spicifera,1,7 to 8,4.73,MC,SL4_1
5050,SL4,2,Acropora spicifera,1,7 to 8,6.83,MC,SL4_2
5068,SL4,2,Acropora spicifera,1,7 to 8,6.59,MC,SL4_2
5076,SL4,2,Acropora spicifera,1,7 to 8,5.75,MC,SL4_2
5077,SL4,2,Acropora spicifera,1,7 to 8,7.78,MC,SL4_2
5089,SL4,2,Acropora spicifera,1,7 to 8,3.31,MC,SL4_2
5108,SL4,2,Acropora spicifera,1,7 to 8,4.24,MC,SL4_2
5109,SL4,2,Acropora spicifera,1,7 to 8,2.97,MC,SL4_2
5113,SL4,2,Acropora spicifera,1,7 to 8,2.32,MC,SL4_2
5114,SL4,2,Acropora spicifera,1,7 to 8,4.43,MC,SL4_2
5118,SL4,2,Acropora spicifera,1,7 to 8,4.85,MC,SL4_2
5119,SL4,2,Acropora spicifera,1,7 to 8,5.98,MC,SL4_2
5127,SL4,2,Acropora spicifera,1,7 to 8,8.09,MC,SL4_2
5132,SL4,2,Acropora spicifera,1,7 to 8,5.12,MC,SL4_2
5134,SL4,2,Acropora spicifera,1,7 to 8,6.29,MC,SL4_2
5135,SL4,2,Acropora spicifera,1,7 to 8,5.61,MC,SL4_2
5139,SL4,2,Acropora spicifera,1,7 to 8,5.6,MC,SL4_2
5145,SL4,2,Acropora spicifera,1,7 to 8,7.02,MC,SL4_2
5148,SL4,2,Acropora spicifera,1,7 to 8,7.81,MC,SL4_2
5150,SL4,2,Acropora spicifera,1,7 to 8,4.15,MC,SL4_2
5159,SL4,2,Acropora spicifera,1,7 to 8,5.28,MC,SL4_2
5162,SL4,2,Acropora spicifera,1,7 to 8,7.02,MC,SL4_2
5163,SL4,2,Acropora spicifera,1,7 to 8,9.04,MC,SL4_2
5165,SL4,2,Acropora spicifera,1,7 to 8,5.11,MC,SL4_2
5168,SL4,2,Acropora spicifera,1,7 to 8,8.52,MC,SL4_2
5170,SL4,2,Acropora spicifera,1,7 to 8,6.56,MC,SL4_2
5171,SL4,2,Acropora spicifera,1,7 to 8,4.88,MC,SL4_2
5297,SL4,2,Acropora spicifera,1,7 to 8,3.7,MC,SL4_2
5299,SL4,2,Acropora spicifera,0,7 to 8,1.24,MC,SL4_2
5301,SL4,2,Acropora spicifera,1,7 to 8,1.9,MC,SL4_2
5306,SL4,2,Acropora spicifera,1,7 to 8,9.33,MC,SL4_2
5308,SL4,2,Acropora spicifera,1,7 to 8,5.91,MC,SL4_2
5322,SL4,2,Acropora spicifera,1,7 to 8,5.01,MC,SL4_2
5326,SL4,2,Acropora spicifera,1,7 to 8,5.15,MC,SL4_2
5333,SL4,2,Acropora spicifera,1,7 to 8,6.43,MC,SL4_2
5356,SL4,2,Acropora spicifera,1,7 to 8,8.31,MC,SL4_2
5359,SL4,2,Acropora spicifera,1,7 to 8,9.84,MC,SL4_2
5378,SL4,2,Acropora spicifera,1,7 to 8,8.85,MC,SL4_2
5381,SL4,2,Acropora spicifera,1,7 to 8,7,MC,SL4_2
5388,SL4,2,Acropora spicifera,1,7 to 8,7.07,MC,SL4_2
5392,SL4,2,Acropora spicifera,1,7 to 8,7.5,MC,SL4_2
5399,SL4,2,Acropora spicifera,1,7 to 8,2.25,MC,SL4_2
5400,SL4,2,Acropora spicifera,1,7 to 8,1.25,MC,SL4_2
5401,SL4,2,Acropora spicifera,0,7 to 8,0.98,MC,SL4_2
5405,SL4,2,Acropora spicifera,1,7 to 8,8.22,MC,SL4_2
5407,SL4,2,Acropora spicifera,1,7 to 8,5.41,MC,SL4_2
5416,SL4,2,Acropora spicifera,1,7 to 8,4.83,MC,SL4_2
5418,SL4,2,Acropora spicifera,1,7 to 8,5.9,MC,SL4_2
5422,SL4,2,Acropora spicifera,1,7 to 8,5.94,MC,SL4_2
5423,SL4,2,Acropora spicifera,1,7 to 8,3.35,MC,SL4_2
5427,SL4,2,Acropora spicifera,1,7 to 8,8.76,MC,SL4_2
5428,SL4,2,Acropora spicifera,1,7 to 8,8.99,MC,SL4_2
5430,SL4,2,Acropora spicifera,1,7 to 8,4.27,MC,SL4_2
5431,SL4,2,Acropora spicifera,1,7 to 8,4.85,MC,SL4_2
5436,SL4,2,Acropora spicifera,1,7 to 8,5.07,MC,SL4_2
5437,SL4,2,Acropora spicifera,1,7 to 8,3.46,MC,SL4_2
5443,SL4,2,Acropora spicifera,1,7 to 8,6.91,MC,SL4_2
5444,SL4,2,Acropora spicifera,1,7 to 8,6,MC,SL4_2
5452,SL4,2,Acropora spicifera,1,7 to 8,9.68,MC,SL4_2
5453,SL4,2,Acropora spicifera,1,7 to 8,4.38,MC,SL4_2
5461,SL4,2,Acropora spicifera,1,7 to 8,7,MC,SL4_2
5465,SL4,2,Acropora spicifera,0,7 to 8,7.71,MC,SL4_2
5468,SL4,2,Acropora spicifera,1,7 to 8,7.89,MC,SL4_2
5478,SL4,2,Acropora spicifera,1,7 to 8,9.26,MC,SL4_2
2,SL1,1,Acropora spicifera,1,8 to 9,2.18,ND,SL1_1
8,SL1,1,Acropora spicifera,1,8 to 9,1.65,ND,SL1_1
15,SL1,1,Acropora spicifera,1,8 to 9,4.46,ND,SL1_1
18,SL1,1,Acropora spicifera,1,8 to 9,4.67,ND,SL1_1
20,SL1,1,Acropora spicifera,1,8 to 9,9.34,ND,SL1_1
21,SL1,1,Acropora spicifera,1,8 to 9,4.91,ND,SL1_1
22,SL1,1,Acropora spicifera,1,8 to 9,3.12,ND,SL1_1
23,SL1,1,Acropora spicifera,1,8 to 9,8.02,ND,SL1_1
40,SL1,1,Acropora spicifera,1,8 to 9,4.71,ND,SL1_1
43,SL1,1,Acropora spicifera,1,8 to 9,9.28,ND,SL1_1
56,SL1,1,Acropora spicifera,1,8 to 9,9.53,ND,SL1_1
57,SL1,1,Acropora spicifera,1,8 to 9,5.59,ND,SL1_1
67,SL1,1,Acropora spicifera,1,8 to 9,6,ND,SL1_1
108,SL1,1,Acropora spicifera,1,8 to 9,5.47,ND,SL1_1
129,SL1,1,Acropora spicifera,0,8 to 9,7.47,ND,SL1_1
130,SL1,1,Acropora spicifera,1,8 to 9,9.16,ND,SL1_1
151,SL1,1,Acropora spicifera,1,8 to 9,5.33,ND,SL1_1
155,SL1,1,Acropora spicifera,0,8 to 9,9.68,ND,SL1_1
156,SL1,1,Acropora spicifera,0,8 to 9,3.65,ND,SL1_1
158,SL1,1,Acropora spicifera,1,8 to 9,8.9,ND,SL1_1
161,SL1,1,Acropora spicifera,1,8 to 9,2.5,ND,SL1_1
190,SL1,1,Acropora spicifera,1,8 to 9,4.31,ND,SL1_1
207,SL1,1,Acropora spicifera,1,8 to 9,7.59,ND,SL1_1
212,SL1,1,Acropora spicifera,1,8 to 9,3.75,ND,SL1_1
376,SL1,1,Acropora spicifera,1,8 to 9,0.89,ND,SL1_1
377,SL1,1,Acropora spicifera,1,8 to 9,2.19,ND,SL1_1
378,SL1,1,Acropora spicifera,1,8 to 9,1.96,ND,SL1_1
380,SL1,1,Acropora spicifera,1,8 to 9,3.26,ND,SL1_1
381,SL1,1,Acropora spicifera,1,8 to 9,7.38,ND,SL1_1
392,SL1,1,Acropora spicifera,1,8 to 9,4.85,ND,SL1_1
398,SL1,1,Acropora spicifera,1,8 to 9,3.51,ND,SL1_1
406,SL1,1,Acropora spicifera,1,8 to 9,5.76,ND,SL1_1
411,SL1,1,Acropora spicifera,1,8 to 9,3.44,ND,SL1_1
417,SL1,1,Acropora spicifera,0,8 to 9,3.25,ND,SL1_1
418,SL1,1,Acropora spicifera,1,8 to 9,6.29,ND,SL1_1
437,SL1,1,Acropora spicifera,1,8 to 9,4.75,ND,SL1_1
438,SL1,1,Acropora spicifera,1,8 to 9,2.77,ND,SL1_1
443,SL1,1,Acropora spicifera,0,8 to 9,1.85,ND,SL1_1
444,SL1,1,Acropora spicifera,0,8 to 9,1.56,ND,SL1_1
445,SL1,1,Acropora spicifera,1,8 to 9,9.21,ND,SL1_1
446,SL1,1,Acropora spicifera,1,8 to 9,4.15,ND,SL1_1
456,SL1,1,Acropora spicifera,1,8 to 9,5.63,ND,SL1_1
464,SL1,1,Acropora spicifera,1,8 to 9,1.66,ND,SL1_1
465,SL1,1,Acropora spicifera,1,8 to 9,1.67,ND,SL1_1
466,SL1,1,Acropora spicifera,1,8 to 9,1.27,ND,SL1_1
468,SL1,1,Acropora spicifera,1,8 to 9,6.83,ND,SL1_1
469,SL1,1,Acropora spicifera,1,8 to 9,1.25,ND,SL1_1
477,SL1,1,Acropora spicifera,1,8 to 9,1.14,ND,SL1_1
478,SL1,1,Acropora spicifera,1,8 to 9,1.33,ND,SL1_1
482,SL1,1,Acropora spicifera,1,8 to 9,2.78,ND,SL1_1
489,SL1,1,Acropora spicifera,0,8 to 9,5.79,ND,SL1_1
502,SL1,1,Acropora spicifera,1,8 to 9,9.21,ND,SL1_1
517,SL1,1,Acropora spicifera,1,8 to 9,3.45,ND,SL1_1
518,SL1,1,Acropora spicifera,1,8 to 9,3.75,ND,SL1_1
520,SL1,1,Acropora spicifera,1,8 to 9,8.82,ND,SL1_1
543,SL1,1,Acropora spicifera,1,8 to 9,5.09,ND,SL1_1
548,SL1,1,Acropora spicifera,1,8 to 9,2.36,ND,SL1_1
556,SL1,1,Acropora spicifera,1,8 to 9,3.62,ND,SL1_1
561,SL1,1,Acropora spicifera,0,8 to 9,2.42,ND,SL1_1
562,SL1,1,Acropora spicifera,0,8 to 9,2.15,ND,SL1_1
563,SL1,1,Acropora spicifera,0,8 to 9,2.15,ND,SL1_1
564,SL1,1,Acropora spicifera,1,8 to 9,1.85,ND,SL1_1
569,SL1,1,Acropora spicifera,1,8 to 9,8.11,ND,SL1_1
572,SL1,1,Acropora spicifera,0,8 to 9,5.64,ND,SL1_1
575,SL1,1,Acropora spicifera,1,8 to 9,5.55,ND,SL1_1
582,SL1,1,Acropora spicifera,1,8 to 9,3.27,ND,SL1_1
603,SL1,1,Acropora spicifera,1,8 to 9,6.17,ND,SL1_1
646,SL1,1,Acropora spicifera,1,8 to 9,2.36,ND,SL1_1
647,SL1,1,Acropora spicifera,0,8 to 9,1.68,ND,SL1_1
648,SL1,1,Acropora spicifera,1,8 to 9,1.77,ND,SL1_1
671,SL1,1,Acropora spicifera,0,8 to 9,6.32,ND,SL1_1
839,SL1,2,Acropora spicifera,1,8 to 9,3.69,ND,SL1_2
857,SL1,2,Acropora spicifera,1,8 to 9,8.85,ND,SL1_2
860,SL1,2,Acropora spicifera,1,8 to 9,7.9,ND,SL1_2
871,SL1,2,Acropora spicifera,1,8 to 9,6.37,ND,SL1_2
876,SL1,2,Acropora spicifera,1,8 to 9,6.73,ND,SL1_2
878,SL1,2,Acropora spicifera,1,8 to 9,7.54,ND,SL1_2
903,SL1,2,Acropora spicifera,1,8 to 9,6.66,ND,SL1_2
907,SL1,2,Acropora spicifera,1,8 to 9,9.27,ND,SL1_2
908,SL1,2,Acropora spicifera,1,8 to 9,9.34,ND,SL1_2
909,SL1,2,Acropora spicifera,1,8 to 9,3.52,ND,SL1_2
913,SL1,2,Acropora spicifera,1,8 to 9,6.14,ND,SL1_2
928,SL1,2,Acropora spicifera,1,8 to 9,4.56,ND,SL1_2
930,SL1,2,Acropora spicifera,1,8 to 9,7.19,ND,SL1_2
940,SL1,2,Acropora spicifera,1,8 to 9,5.74,ND,SL1_2
944,SL1,2,Acropora spicifera,1,8 to 9,3.52,ND,SL1_2
958,SL1,2,Acropora spicifera,1,8 to 9,2.67,ND,SL1_2
974,SL1,2,Acropora spicifera,1,8 to 9,5.92,ND,SL1_2
975,SL1,2,Acropora spicifera,1,8 to 9,4.66,ND,SL1_2
978,SL1,2,Acropora spicifera,1,8 to 9,4.95,ND,SL1_2
979,SL1,2,Acropora spicifera,1,8 to 9,3.02,ND,SL1_2
985,SL1,2,Acropora spicifera,1,8 to 9,6.55,ND,SL1_2
992,SL1,2,Acropora spicifera,1,8 to 9,5.2,ND,SL1_2
997,SL1,2,Acropora spicifera,1,8 to 9,1.43,ND,SL1_2
998,SL1,2,Acropora spicifera,1,8 to 9,1.7,ND,SL1_2
1000,SL1,2,Acropora spicifera,1,8 to 9,8.32,ND,SL1_2
1004,SL1,2,Acropora spicifera,1,8 to 9,1.28,ND,SL1_2
1005,SL1,2,Acropora spicifera,1,8 to 9,0.89,ND,SL1_2
1006,SL1,2,Acropora spicifera,1,8 to 9,1.39,ND,SL1_2
1007,SL1,2,Acropora spicifera,1,8 to 9,2.6,ND,SL1_2
1008,SL1,2,Acropora spicifera,0,8 to 9,1.21,ND,SL1_2
1009,SL1,2,Acropora spicifera,1,8 to 9,8.08,ND,SL1_2
1010,SL1,2,Acropora spicifera,1,8 to 9,5.93,ND,SL1_2
1020,SL1,2,Acropora spicifera,1,8 to 9,7.78,ND,SL1_2
1033,SL1,2,Acropora spicifera,1,8 to 9,7.13,ND,SL1_2
1035,SL1,2,Acropora spicifera,1,8 to 9,7.41,ND,SL1_2
1039,SL1,2,Acropora spicifera,1,8 to 9,4.15,ND,SL1_2
1045,SL1,2,Acropora spicifera,1,8 to 9,8.74,ND,SL1_2
1047,SL1,2,Acropora spicifera,1,8 to 9,7.37,ND,SL1_2
1053,SL1,2,Acropora spicifera,1,8 to 9,2.68,ND,SL1_2
1054,SL1,2,Acropora spicifera,1,8 to 9,4.13,ND,SL1_2
1056,SL1,2,Acropora spicifera,1,8 to 9,7.35,ND,SL1_2
1058,SL1,2,Acropora spicifera,1,8 to 9,5.76,ND,SL1_2
1060,SL1,2,Acropora spicifera,1,8 to 9,4.39,ND,SL1_2
1062,SL1,2,Acropora spicifera,1,8 to 9,4.76,ND,SL1_2
1074,SL1,2,Acropora spicifera,1,8 to 9,5.02,ND,SL1_2
1075,SL1,2,Acropora spicifera,1,8 to 9,1.77,ND,SL1_2
1098,SL1,2,Acropora spicifera,1,8 to 9,9.61,ND,SL1_2
1100,SL1,2,Acropora spicifera,1,8 to 9,7.14,ND,SL1_2
1102,SL1,2,Acropora spicifera,1,8 to 9,2.22,ND,SL1_2
1106,SL1,2,Acropora spicifera,1,8 to 9,9.1,ND,SL1_2
1259,SL1,2,Acropora spicifera,1,8 to 9,1.36,ND,SL1_2
1278,SL1,2,Acropora spicifera,1,8 to 9,3.67,ND,SL1_2
1282,SL1,2,Acropora spicifera,1,8 to 9,1.27,ND,SL1_2
1283,SL1,2,Acropora spicifera,1,8 to 9,1.23,ND,SL1_2
1287,SL1,2,Acropora spicifera,1,8 to 9,2.41,ND,SL1_2
1288,SL1,2,Acropora spicifera,1,8 to 9,5.67,ND,SL1_2
1289,SL1,2,Acropora spicifera,1,8 to 9,1.81,ND,SL1_2
1291,SL1,2,Acropora spicifera,1,8 to 9,9.25,ND,SL1_2
1293,SL1,2,Acropora spicifera,1,8 to 9,2.64,ND,SL1_2
1294,SL1,2,Acropora spicifera,1,8 to 9,2.63,ND,SL1_2
1295,SL1,2,Acropora spicifera,1,8 to 9,8.28,ND,SL1_2
1296,SL1,2,Acropora spicifera,1,8 to 9,1.33,ND,SL1_2
1300,SL1,2,Acropora spicifera,1,8 to 9,6.89,ND,SL1_2
1301,SL1,2,Acropora spicifera,0,8 to 9,0.92,ND,SL1_2
1302,SL1,2,Acropora spicifera,0,8 to 9,0.8,ND,SL1_2
1306,SL1,2,Acropora spicifera,0,8 to 9,4.13,ND,SL1_2
1308,SL1,2,Acropora spicifera,1,8 to 9,4.48,ND,SL1_2
1309,SL1,2,Acropora spicifera,1,8 to 9,6.15,ND,SL1_2
1311,SL1,2,Acropora spicifera,1,8 to 9,9.95,ND,SL1_2
1312,SL1,2,Acropora spicifera,1,8 to 9,7.46,ND,SL1_2
1326,SL1,2,Acropora spicifera,1,8 to 9,7.48,ND,SL1_2
1329,SL1,2,Acropora spicifera,0,8 to 9,2.36,ND,SL1_2
1343,SL1,2,Acropora spicifera,1,8 to 9,3.85,ND,SL1_2
1356,SL1,2,Acropora spicifera,1,8 to 9,6.66,ND,SL1_2
1361,SL1,2,Acropora spicifera,1,8 to 9,1.98,ND,SL1_2
1362,SL1,2,Acropora spicifera,1,8 to 9,3.26,ND,SL1_2
1388,SL1,2,Acropora spicifera,1,8 to 9,5.41,ND,SL1_2
1390,SL1,2,Acropora spicifera,1,8 to 9,1.41,ND,SL1_2
1398,SL1,2,Acropora spicifera,1,8 to 9,2.17,ND,SL1_2
1399,SL1,2,Acropora spicifera,1,8 to 9,1.58,ND,SL1_2
1401,SL1,2,Acropora spicifera,1,8 to 9,1.46,ND,SL1_2
1408,SL1,2,Acropora spicifera,1,8 to 9,2.55,ND,SL1_2
1409,SL1,2,Acropora spicifera,1,8 to 9,1.24,ND,SL1_2
1410,SL1,2,Acropora spicifera,1,8 to 9,2.5,ND,SL1_2
1411,SL1,2,Acropora spicifera,1,8 to 9,8.5,ND,SL1_2
1418,SL1,2,Acropora spicifera,1,8 to 9,2.52,ND,SL1_2
1419,SL1,2,Acropora spicifera,1,8 to 9,3.67,ND,SL1_2
1421,SL1,2,Acropora spicifera,1,8 to 9,2.42,ND,SL1_2
1426,SL1,2,Acropora spicifera,1,8 to 9,1.72,ND,SL1_2
1432,SL1,2,Acropora spicifera,1,8 to 9,4.17,ND,SL1_2
1453,SL1,2,Acropora spicifera,1,8 to 9,1.04,ND,SL1_2
1454,SL1,2,Acropora spicifera,0,8 to 9,0.5,ND,SL1_2
1455,SL1,2,Acropora spicifera,0,8 to 9,1.05,ND,SL1_2
1456,SL1,2,Acropora spicifera,1,8 to 9,1,ND,SL1_2
1457,SL1,2,Acropora spicifera,0,8 to 9,1.53,ND,SL1_2
1461,SL1,2,Acropora spicifera,0,8 to 9,0.83,ND,SL1_2
1470,SL1,2,Acropora spicifera,1,8 to 9,1.74,ND,SL1_2
1471,SL1,2,Acropora spicifera,1,8 to 9,1.04,ND,SL1_2
1483,SL1,2,Acropora spicifera,1,8 to 9,4.16,ND,SL1_2
1493,SL1,2,Acropora spicifera,1,8 to 9,2.55,ND,SL1_2
1494,SL1,2,Acropora spicifera,1,8 to 9,9.67,ND,SL1_2
1515,SL1,2,Acropora spicifera,1,8 to 9,5.92,ND,SL1_2
1678,SL2,1,Acropora spicifera,1,8 to 9,4.54,ND,SL2_1
1691,SL2,1,Acropora spicifera,1,8 to 9,3.67,ND,SL2_1
1709,SL2,1,Acropora spicifera,1,8 to 9,4.99,ND,SL2_1
1716,SL2,1,Acropora spicifera,1,8 to 9,3.22,ND,SL2_1
1720,SL2,1,Acropora spicifera,1,8 to 9,5.63,ND,SL2_1
1744,SL2,1,Acropora spicifera,1,8 to 9,4.59,ND,SL2_1
1745,SL2,1,Acropora spicifera,1,8 to 9,3.68,ND,SL2_1
1746,SL2,1,Acropora spicifera,0,8 to 9,3.35,ND,SL2_1
1747,SL2,1,Acropora spicifera,1,8 to 9,2.82,ND,SL2_1
1748,SL2,1,Acropora spicifera,1,8 to 9,2.92,ND,SL2_1
1750,SL2,1,Acropora spicifera,1,8 to 9,6.07,ND,SL2_1
1754,SL2,1,Acropora spicifera,1,8 to 9,7.59,ND,SL2_1
1758,SL2,1,Acropora spicifera,1,8 to 9,8.42,ND,SL2_1
1765,SL2,1,Acropora spicifera,0,8 to 9,3.94,ND,SL2_1
1767,SL2,1,Acropora spicifera,0,8 to 9,4.38,ND,SL2_1
1777,SL2,1,Acropora spicifera,1,8 to 9,4.52,ND,SL2_1
1788,SL2,1,Acropora spicifera,1,8 to 9,4.56,ND,SL2_1
1790,SL2,1,Acropora spicifera,1,8 to 9,5.33,ND,SL2_1
1794,SL2,1,Acropora spicifera,0,8 to 9,3.67,ND,SL2_1
1800,SL2,1,Acropora spicifera,1,8 to 9,6.01,ND,SL2_1
1816,SL2,1,Acropora spicifera,1,8 to 9,6.12,ND,SL2_1
1833,SL2,1,Acropora spicifera,1,8 to 9,3.92,ND,SL2_1
1836,SL2,1,Acropora spicifera,1,8 to 9,3.8,ND,SL2_1
1838,SL2,1,Acropora spicifera,1,8 to 9,2.68,ND,SL2_1
1839,SL2,1,Acropora spicifera,1,8 to 9,3.48,ND,SL2_1
1878,SL2,1,Acropora spicifera,1,8 to 9,3.37,ND,SL2_1
1882,SL2,1,Acropora spicifera,1,8 to 9,3.43,ND,SL2_1
1883,SL2,1,Acropora spicifera,1,8 to 9,4.72,ND,SL2_1
1885,SL2,1,Acropora spicifera,1,8 to 9,4.83,ND,SL2_1
1896,SL2,1,Acropora spicifera,1,8 to 9,2.05,ND,SL2_1
1898,SL2,1,Acropora spicifera,1,8 to 9,4.86,ND,SL2_1
1899,SL2,1,Acropora spicifera,1,8 to 9,3.44,ND,SL2_1
1900,SL2,1,Acropora spicifera,1,8 to 9,3.74,ND,SL2_1
1902,SL2,1,Acropora spicifera,1,8 to 9,2.86,ND,SL2_1
1905,SL2,1,Acropora spicifera,1,8 to 9,6.33,ND,SL2_1
1994,SL2,1,Acropora spicifera,1,8 to 9,1.88,ND,SL2_1
1996,SL2,1,Acropora spicifera,1,8 to 9,2.73,ND,SL2_1
1997,SL2,1,Acropora spicifera,1,8 to 9,3.26,ND,SL2_1
2003,SL2,1,Acropora spicifera,1,8 to 9,2.16,ND,SL2_1
2004,SL2,1,Acropora spicifera,1,8 to 9,1.95,ND,SL2_1
2042,SL2,1,Acropora spicifera,1,8 to 9,9.64,ND,SL2_1
2043,SL2,1,Acropora spicifera,1,8 to 9,5.23,ND,SL2_1
2046,SL2,1,Acropora spicifera,1,8 to 9,3.44,ND,SL2_1
2056,SL2,1,Acropora spicifera,0,8 to 9,9.46,ND,SL2_1
2070,SL2,1,Acropora spicifera,1,8 to 9,5.33,ND,SL2_1
2108,SL2,1,Acropora spicifera,1,8 to 9,7.05,ND,SL2_1
2109,SL2,1,Acropora spicifera,1,8 to 9,3.92,ND,SL2_1
2110,SL2,1,Acropora spicifera,1,8 to 9,2.3,ND,SL2_1
2136,SL2,1,Acropora spicifera,1,8 to 9,2.15,ND,SL2_1
2137,SL2,1,Acropora spicifera,1,8 to 9,2.65,ND,SL2_1
2154,SL2,1,Acropora spicifera,1,8 to 9,4.98,ND,SL2_1
2157,SL2,1,Acropora spicifera,0,8 to 9,0.93,ND,SL2_1
2158,SL2,1,Acropora spicifera,1,8 to 9,2.1,ND,SL2_1
2165,SL2,1,Acropora spicifera,1,8 to 9,6.27,ND,SL2_1
2169,SL2,1,Acropora spicifera,1,8 to 9,2.16,ND,SL2_1
2170,SL2,1,Acropora spicifera,1,8 to 9,4.47,ND,SL2_1
2173,SL2,1,Acropora spicifera,1,8 to 9,5.89,ND,SL2_1
2176,SL2,1,Acropora spicifera,1,8 to 9,2.5,ND,SL2_1
2183,SL2,1,Acropora spicifera,1,8 to 9,1.46,ND,SL2_1
2187,SL2,1,Acropora spicifera,1,8 to 9,2.55,ND,SL2_1
2194,SL2,1,Acropora spicifera,1,8 to 9,1.63,ND,SL2_1
2201,SL2,1,Acropora spicifera,1,8 to 9,1.29,ND,SL2_1
2205,SL2,1,Acropora spicifera,1,8 to 9,5.02,ND,SL2_1
2308,SL2,2,Acropora spicifera,1,8 to 9,4.74,ND,SL2_2
2311,SL2,2,Acropora spicifera,1,8 to 9,4.29,ND,SL2_2
2324,SL2,2,Acropora spicifera,1,8 to 9,2.83,ND,SL2_2
2325,SL2,2,Acropora spicifera,1,8 to 9,1.47,ND,SL2_2
2326,SL2,2,Acropora spicifera,1,8 to 9,4.44,ND,SL2_2
2337,SL2,2,Acropora spicifera,1,8 to 9,2.78,ND,SL2_2
2339,SL2,2,Acropora spicifera,1,8 to 9,5.31,ND,SL2_2
2343,SL2,2,Acropora spicifera,1,8 to 9,7.1,ND,SL2_2
2364,SL2,2,Acropora spicifera,1,8 to 9,4.6,ND,SL2_2
2369,SL2,2,Acropora spicifera,1,8 to 9,3.97,ND,SL2_2
2379,SL2,2,Acropora spicifera,1,8 to 9,5.86,ND,SL2_2
2389,SL2,2,Acropora spicifera,1,8 to 9,1.97,ND,SL2_2
2431,SL2,2,Acropora spicifera,1,8 to 9,5.38,ND,SL2_2
2433,SL2,2,Acropora spicifera,1,8 to 9,5.34,ND,SL2_2
2450,SL2,2,Acropora spicifera,1,8 to 9,5.35,ND,SL2_2
2455,SL2,2,Acropora spicifera,1,8 to 9,9.95,ND,SL2_2
2457,SL2,2,Acropora spicifera,1,8 to 9,7.56,ND,SL2_2
2464,SL2,2,Acropora spicifera,1,8 to 9,3.91,ND,SL2_2
2468,SL2,2,Acropora spicifera,1,8 to 9,3.8,ND,SL2_2
2470,SL2,2,Acropora spicifera,1,8 to 9,4.03,ND,SL2_2
2476,SL2,2,Acropora spicifera,1,8 to 9,9.16,ND,SL2_2
2478,SL2,2,Acropora spicifera,1,8 to 9,3.57,ND,SL2_2
2479,SL2,2,Acropora spicifera,1,8 to 9,2.96,ND,SL2_2
2487,SL2,2,Acropora spicifera,1,8 to 9,8.32,ND,SL2_2
2488,SL2,2,Acropora spicifera,1,8 to 9,9.09,ND,SL2_2
2490,SL2,2,Acropora spicifera,1,8 to 9,4.75,ND,SL2_2
2491,SL2,2,Acropora spicifera,1,8 to 9,5.4,ND,SL2_2
2494,SL2,2,Acropora spicifera,1,8 to 9,9.47,ND,SL2_2
2498,SL2,2,Acropora spicifera,1,8 to 9,5.09,ND,SL2_2
2509,SL2,2,Acropora spicifera,0,8 to 9,5.49,ND,SL2_2
2513,SL2,2,Acropora spicifera,1,8 to 9,5.89,ND,SL2_2
2662,SL2,2,Acropora spicifera,1,8 to 9,5.3,ND,SL2_2
2669,SL2,2,Acropora spicifera,1,8 to 9,4.82,ND,SL2_2
2670,SL2,2,Acropora spicifera,1,8 to 9,2.36,ND,SL2_2
2671,SL2,2,Acropora spicifera,1,8 to 9,1.96,ND,SL2_2
2674,SL2,2,Acropora spicifera,1,8 to 9,5.31,ND,SL2_2
2678,SL2,2,Acropora spicifera,1,8 to 9,3.78,ND,SL2_2
2683,SL2,2,Acropora spicifera,1,8 to 9,5.45,ND,SL2_2
2684,SL2,2,Acropora spicifera,1,8 to 9,9.45,ND,SL2_2
2685,SL2,2,Acropora spicifera,1,8 to 9,7.02,ND,SL2_2
2686,SL2,2,Acropora spicifera,0,8 to 9,1.58,ND,SL2_2
2687,SL2,2,Acropora spicifera,1,8 to 9,3.28,ND,SL2_2
2688,SL2,2,Acropora spicifera,1,8 to 9,4.27,ND,SL2_2
2690,SL2,2,Acropora spicifera,1,8 to 9,2.67,ND,SL2_2
2691,SL2,2,Acropora spicifera,1,8 to 9,1.53,ND,SL2_2
2693,SL2,2,Acropora spicifera,1,8 to 9,4.16,ND,SL2_2
2698,SL2,2,Acropora spicifera,1,8 to 9,7.26,ND,SL2_2
2714,SL2,2,Acropora spicifera,1,8 to 9,5.15,ND,SL2_2
2720,SL2,2,Acropora spicifera,0,8 to 9,4.8,ND,SL2_2
2722,SL2,2,Acropora spicifera,1,8 to 9,5.34,ND,SL2_2
2723,SL2,2,Acropora spicifera,1,8 to 9,5.12,ND,SL2_2
2725,SL2,2,Acropora spicifera,1,8 to 9,5.58,ND,SL2_2
2729,SL2,2,Acropora spicifera,1,8 to 9,1.13,ND,SL2_2
2730,SL2,2,Acropora spicifera,1,8 to 9,2.52,ND,SL2_2
2733,SL2,2,Acropora spicifera,1,8 to 9,1.44,ND,SL2_2
2734,SL2,2,Acropora spicifera,1,8 to 9,3.12,ND,SL2_2
2737,SL2,2,Acropora spicifera,1,8 to 9,6.28,ND,SL2_2
2740,SL2,2,Acropora spicifera,1,8 to 9,4.09,ND,SL2_2
2742,SL2,2,Acropora spicifera,1,8 to 9,4.05,ND,SL2_2
2743,SL2,2,Acropora spicifera,1,8 to 9,4.98,ND,SL2_2
2749,SL2,2,Acropora spicifera,1,8 to 9,2.39,ND,SL2_2
2753,SL2,2,Acropora spicifera,1,8 to 9,9.05,ND,SL2_2
2763,SL2,2,Acropora spicifera,1,8 to 9,2.71,ND,SL2_2
2767,SL2,2,Acropora spicifera,1,8 to 9,4.21,ND,SL2_2
2774,SL2,2,Acropora spicifera,1,8 to 9,0.96,ND,SL2_2
2776,SL2,2,Acropora spicifera,0,8 to 9,2.05,ND,SL2_2
2777,SL2,2,Acropora spicifera,1,8 to 9,3.87,ND,SL2_2
2779,SL2,2,Acropora spicifera,1,8 to 9,1.08,ND,SL2_2
2781,SL2,2,Acropora spicifera,0,8 to 9,4.57,ND,SL2_2
2782,SL2,2,Acropora spicifera,1,8 to 9,4.56,ND,SL2_2
2783,SL2,2,Acropora spicifera,1,8 to 9,4.23,ND,SL2_2
2790,SL2,2,Acropora spicifera,1,8 to 9,8.45,ND,SL2_2
2797,SL2,2,Acropora spicifera,1,8 to 9,2.35,ND,SL2_2
2804,SL2,2,Acropora spicifera,1,8 to 9,5.61,ND,SL2_2
2808,SL2,2,Acropora spicifera,1,8 to 9,7.51,ND,SL2_2
2815,SL2,2,Acropora spicifera,1,8 to 9,6.35,ND,SL2_2
2817,SL2,2,Acropora spicifera,1,8 to 9,2.8,ND,SL2_2
2821,SL2,2,Acropora spicifera,1,8 to 9,3.24,ND,SL2_2
2822,SL2,2,Acropora spicifera,1,8 to 9,5.22,ND,SL2_2
2823,SL2,2,Acropora spicifera,1,8 to 9,6.41,ND,SL2_2
2824,SL2,2,Acropora spicifera,1,8 to 9,4.87,ND,SL2_2
2829,SL2,2,Acropora spicifera,1,8 to 9,5.89,ND,SL2_2
2831,SL2,2,Acropora spicifera,1,8 to 9,3.67,ND,SL2_2
2841,SL2,2,Acropora spicifera,1,8 to 9,9.41,ND,SL2_2
2850,SL2,2,Acropora spicifera,1,8 to 9,7.76,ND,SL2_2
2854,SL2,2,Acropora spicifera,1,8 to 9,4.2,ND,SL2_2
2862,SL2,2,Acropora spicifera,1,8 to 9,3.53,ND,SL2_2
2869,SL2,2,Acropora spicifera,1,8 to 9,4.45,ND,SL2_2
2874,SL2,2,Acropora spicifera,1,8 to 9,7.98,ND,SL2_2
2875,SL2,2,Acropora spicifera,1,8 to 9,3.66,ND,SL2_2
2877,SL2,2,Acropora spicifera,1,8 to 9,8.1,ND,SL2_2
3016,SL3,1,Acropora spicifera,1,8 to 9,2.06,ND,SL3_1
3049,SL3,1,Acropora spicifera,1,8 to 9,2.59,ND,SL3_1
3058,SL3,1,Acropora spicifera,1,8 to 9,9.99,ND,SL3_1
3064,SL3,1,Acropora spicifera,1,8 to 9,7.89,ND,SL3_1
3065,SL3,1,Acropora spicifera,1,8 to 9,7.18,ND,SL3_1
3069,SL3,1,Acropora spicifera,1,8 to 9,5.06,ND,SL3_1
3079,SL3,1,Acropora spicifera,1,8 to 9,3.83,ND,SL3_1
3112,SL3,1,Acropora spicifera,1,8 to 9,4.13,ND,SL3_1
3118,SL3,1,Acropora spicifera,1,8 to 9,5.48,ND,SL3_1
3121,SL3,1,Acropora spicifera,0,8 to 9,3.89,ND,SL3_1
3149,SL3,1,Acropora spicifera,1,8 to 9,8.49,ND,SL3_1
3179,SL3,1,Acropora spicifera,1,8 to 9,7.88,ND,SL3_1
3188,SL3,1,Acropora spicifera,1,8 to 9,8.01,ND,SL3_1
3189,SL3,1,Acropora spicifera,1,8 to 9,9.24,ND,SL3_1
3190,SL3,1,Acropora spicifera,0,8 to 9,5.97,ND,SL3_1
3192,SL3,1,Acropora spicifera,1,8 to 9,9.43,ND,SL3_1
3194,SL3,1,Acropora spicifera,1,8 to 9,9.17,ND,SL3_1
3207,SL3,1,Acropora spicifera,1,8 to 9,9.89,ND,SL3_1
3208,SL3,1,Acropora spicifera,0,8 to 9,9.13,ND,SL3_1
3354,SL3,1,Acropora spicifera,1,8 to 9,7.03,ND,SL3_1
3356,SL3,1,Acropora spicifera,1,8 to 9,9.29,ND,SL3_1
3358,SL3,1,Acropora spicifera,1,8 to 9,6.47,ND,SL3_1
3362,SL3,1,Acropora spicifera,1,8 to 9,7.4,ND,SL3_1
3385,SL3,1,Acropora spicifera,1,8 to 9,6.43,ND,SL3_1
3387,SL3,1,Acropora spicifera,1,8 to 9,5.18,ND,SL3_1
3388,SL3,1,Acropora spicifera,0,8 to 9,1.48,ND,SL3_1
3389,SL3,1,Acropora spicifera,1,8 to 9,2.56,ND,SL3_1
3394,SL3,1,Acropora spicifera,0,8 to 9,2.58,ND,SL3_1
3399,SL3,1,Acropora spicifera,0,8 to 9,8.57,ND,SL3_1
3400,SL3,1,Acropora spicifera,0,8 to 9,4.68,ND,SL3_1
3401,SL3,1,Acropora spicifera,1,8 to 9,5.99,ND,SL3_1
3402,SL3,1,Acropora spicifera,1,8 to 9,6.09,ND,SL3_1
3405,SL3,1,Acropora spicifera,1,8 to 9,2.25,ND,SL3_1
3408,SL3,1,Acropora spicifera,1,8 to 9,2.21,ND,SL3_1
3409,SL3,1,Acropora spicifera,0,8 to 9,5.01,ND,SL3_1
3415,SL3,1,Acropora spicifera,1,8 to 9,7.87,ND,SL3_1
3418,SL3,1,Acropora spicifera,1,8 to 9,5.75,ND,SL3_1
3438,SL3,1,Acropora spicifera,1,8 to 9,2.44,ND,SL3_1
3439,SL3,1,Acropora spicifera,1,8 to 9,7.44,ND,SL3_1
3441,SL3,1,Acropora spicifera,1,8 to 9,4.36,ND,SL3_1
3442,SL3,1,Acropora spicifera,1,8 to 9,4.22,ND,SL3_1
3444,SL3,1,Acropora spicifera,1,8 to 9,1.94,ND,SL3_1
3448,SL3,1,Acropora spicifera,1,8 to 9,6.06,ND,SL3_1
3449,SL3,1,Acropora spicifera,0,8 to 9,1.05,ND,SL3_1
3458,SL3,1,Acropora spicifera,1,8 to 9,3.94,ND,SL3_1
3460,SL3,1,Acropora spicifera,0,8 to 9,1.41,ND,SL3_1
3462,SL3,1,Acropora spicifera,1,8 to 9,4.6,ND,SL3_1
3464,SL3,1,Acropora spicifera,1,8 to 9,1.64,ND,SL3_1
3465,SL3,1,Acropora spicifera,1,8 to 9,5.73,ND,SL3_1
3469,SL3,1,Acropora spicifera,1,8 to 9,6.57,ND,SL3_1
3483,SL3,1,Acropora spicifera,1,8 to 9,8.47,ND,SL3_1
3484,SL3,1,Acropora spicifera,1,8 to 9,3.87,ND,SL3_1
3493,SL3,1,Acropora spicifera,0,8 to 9,2.3,ND,SL3_1
3494,SL3,1,Acropora spicifera,1,8 to 9,3.92,ND,SL3_1
3501,SL3,1,Acropora spicifera,1,8 to 9,4.72,ND,SL3_1
3503,SL3,1,Acropora spicifera,1,8 to 9,2.6,ND,SL3_1
3509,SL3,1,Acropora spicifera,1,8 to 9,9.71,ND,SL3_1
3513,SL3,1,Acropora spicifera,1,8 to 9,6.49,ND,SL3_1
3547,SL3,1,Acropora spicifera,1,8 to 9,6.96,ND,SL3_1
3576,SL3,1,Acropora spicifera,1,8 to 9,2.82,ND,SL3_1
3578,SL3,1,Acropora spicifera,1,8 to 9,4.94,ND,SL3_1
3581,SL3,1,Acropora spicifera,1,8 to 9,1.89,ND,SL3_1
3582,SL3,1,Acropora spicifera,0,8 to 9,1.62,ND,SL3_1
3583,SL3,1,Acropora spicifera,0,8 to 9,1.88,ND,SL3_1
3588,SL3,1,Acropora spicifera,1,8 to 9,4.56,ND,SL3_1
3589,SL3,1,Acropora spicifera,1,8 to 9,2.98,ND,SL3_1
3592,SL3,1,Acropora spicifera,1,8 to 9,2.19,ND,SL3_1
3747,SL3,2,Acropora spicifera,0,8 to 9,7.34,ND,SL3_2
3751,SL3,2,Acropora spicifera,0,8 to 9,4.09,ND,SL3_2
3809,SL3,2,Acropora spicifera,1,8 to 9,7.53,ND,SL3_2
3817,SL3,2,Acropora spicifera,1,8 to 9,7.61,ND,SL3_2
3822,SL3,2,Acropora spicifera,0,8 to 9,7.5,ND,SL3_2
3823,SL3,2,Acropora spicifera,0,8 to 9,3.49,ND,SL3_2
3824,SL3,2,Acropora spicifera,0,8 to 9,6.1,ND,SL3_2
3831,SL3,2,Acropora spicifera,1,8 to 9,9.89,ND,SL3_2
3847,SL3,2,Acropora spicifera,1,8 to 9,5.47,ND,SL3_2
3850,SL3,2,Acropora spicifera,1,8 to 9,7.86,ND,SL3_2
3855,SL3,2,Acropora spicifera,1,8 to 9,8.32,ND,SL3_2
3856,SL3,2,Acropora spicifera,0,8 to 9,6.2,ND,SL3_2
3857,SL3,2,Acropora spicifera,1,8 to 9,6.41,ND,SL3_2
3858,SL3,2,Acropora spicifera,1,8 to 9,3.74,ND,SL3_2
3860,SL3,2,Acropora spicifera,1,8 to 9,7.08,ND,SL3_2
3866,SL3,2,Acropora spicifera,0,8 to 9,6.57,ND,SL3_2
3867,SL3,2,Acropora spicifera,1,8 to 9,3.75,ND,SL3_2
3872,SL3,2,Acropora spicifera,1,8 to 9,7.1,ND,SL3_2
3894,SL3,2,Acropora spicifera,0,8 to 9,7.03,ND,SL3_2
3897,SL3,2,Acropora spicifera,1,8 to 9,7.95,ND,SL3_2
3898,SL3,2,Acropora spicifera,1,8 to 9,6.57,ND,SL3_2
3901,SL3,2,Acropora spicifera,1,8 to 9,6.07,ND,SL3_2
3904,SL3,2,Acropora spicifera,1,8 to 9,8.05,ND,SL3_2
3910,SL3,2,Acropora spicifera,1,8 to 9,5.25,ND,SL3_2
3913,SL3,2,Acropora spicifera,1,8 to 9,3.65,ND,SL3_2
3914,SL3,2,Acropora spicifera,1,8 to 9,8.5,ND,SL3_2
3919,SL3,2,Acropora spicifera,1,8 to 9,6.87,ND,SL3_2
3923,SL3,2,Acropora spicifera,1,8 to 9,3.71,ND,SL3_2
3926,SL3,2,Acropora spicifera,0,8 to 9,7.02,ND,SL3_2
3928,SL3,2,Acropora spicifera,1,8 to 9,4.89,ND,SL3_2
3930,SL3,2,Acropora spicifera,1,8 to 9,5.24,ND,SL3_2
3933,SL3,2,Acropora spicifera,1,8 to 9,5.11,ND,SL3_2
3936,SL3,2,Acropora spicifera,0,8 to 9,5.71,ND,SL3_2
3940,SL3,2,Acropora spicifera,1,8 to 9,6.27,ND,SL3_2
3944,SL3,2,Acropora spicifera,1,8 to 9,8.86,ND,SL3_2
3951,SL3,2,Acropora spicifera,1,8 to 9,5.53,ND,SL3_2
3952,SL3,2,Acropora spicifera,1,8 to 9,9.18,ND,SL3_2
3953,SL3,2,Acropora spicifera,1,8 to 9,6.45,ND,SL3_2
3954,SL3,2,Acropora spicifera,1,8 to 9,8.78,ND,SL3_2
4080,SL3,2,Acropora spicifera,1,8 to 9,7.19,ND,SL3_2
4115,SL3,2,Acropora spicifera,1,8 to 9,8.3,ND,SL3_2
4116,SL3,2,Acropora spicifera,1,8 to 9,8.62,ND,SL3_2
4124,SL3,2,Acropora spicifera,1,8 to 9,1.36,ND,SL3_2
4130,SL3,2,Acropora spicifera,1,8 to 9,6.45,ND,SL3_2
4133,SL3,2,Acropora spicifera,1,8 to 9,7.23,ND,SL3_2
4139,SL3,2,Acropora spicifera,1,8 to 9,2.59,ND,SL3_2
4141,SL3,2,Acropora spicifera,1,8 to 9,5.17,ND,SL3_2
4142,SL3,2,Acropora spicifera,1,8 to 9,5.92,ND,SL3_2
4143,SL3,2,Acropora spicifera,1,8 to 9,5.51,ND,SL3_2
4144,SL3,2,Acropora spicifera,1,8 to 9,2.21,ND,SL3_2
4146,SL3,2,Acropora spicifera,1,8 to 9,7.52,ND,SL3_2
4148,SL3,2,Acropora spicifera,1,8 to 9,2.14,ND,SL3_2
4149,SL3,2,Acropora spicifera,1,8 to 9,2.32,ND,SL3_2
4156,SL3,2,Acropora spicifera,1,8 to 9,5.81,ND,SL3_2
4157,SL3,2,Acropora spicifera,1,8 to 9,7.24,ND,SL3_2
4159,SL3,2,Acropora spicifera,1,8 to 9,1.8,ND,SL3_2
4161,SL3,2,Acropora spicifera,1,8 to 9,2.9,ND,SL3_2
4170,SL3,2,Acropora spicifera,1,8 to 9,4.25,ND,SL3_2
4181,SL3,2,Acropora spicifera,1,8 to 9,4.06,ND,SL3_2
4192,SL3,2,Acropora spicifera,1,8 to 9,7.19,ND,SL3_2
4197,SL3,2,Acropora spicifera,1,8 to 9,5.54,ND,SL3_2
4200,SL3,2,Acropora spicifera,1,8 to 9,5.76,ND,SL3_2
4202,SL3,2,Acropora spicifera,1,8 to 9,8.01,ND,SL3_2
4216,SL3,2,Acropora spicifera,0,8 to 9,1.42,ND,SL3_2
4227,SL3,2,Acropora spicifera,1,8 to 9,5,ND,SL3_2
4229,SL3,2,Acropora spicifera,1,8 to 9,2.03,ND,SL3_2
4232,SL3,2,Acropora spicifera,1,8 to 9,6.33,ND,SL3_2
4234,SL3,2,Acropora spicifera,1,8 to 9,3.79,ND,SL3_2
4240,SL3,2,Acropora spicifera,1,8 to 9,8.5,ND,SL3_2
4242,SL3,2,Acropora spicifera,1,8 to 9,2.38,ND,SL3_2
4243,SL3,2,Acropora spicifera,1,8 to 9,2.46,ND,SL3_2
4244,SL3,2,Acropora spicifera,1,8 to 9,2.32,ND,SL3_2
4247,SL3,2,Acropora spicifera,1,8 to 9,1.69,ND,SL3_2
4252,SL3,2,Acropora spicifera,0,8 to 9,3.19,ND,SL3_2
4281,SL3,2,Acropora spicifera,1,8 to 9,2.35,ND,SL3_2
4282,SL3,2,Acropora spicifera,1,8 to 9,2.31,ND,SL3_2
4410,SL4,1,Acropora spicifera,1,8 to 9,4.9,ND,SL4_1
4448,SL4,1,Acropora spicifera,1,8 to 9,3.02,ND,SL4_1
4454,SL4,1,Acropora spicifera,1,8 to 9,5.26,ND,SL4_1
4464,SL4,1,Acropora spicifera,0,8 to 9,9.5,ND,SL4_1
4475,SL4,1,Acropora spicifera,0,8 to 9,3.99,ND,SL4_1
4485,SL4,1,Acropora spicifera,1,8 to 9,7.39,ND,SL4_1
4499,SL4,1,Acropora spicifera,1,8 to 9,4.83,ND,SL4_1
4523,SL4,1,Acropora spicifera,1,8 to 9,9.92,ND,SL4_1
4528,SL4,1,Acropora spicifera,1,8 to 9,4.11,ND,SL4_1
4556,SL4,1,Acropora spicifera,1,8 to 9,5.24,ND,SL4_1
4559,SL4,1,Acropora spicifera,1,8 to 9,2.43,ND,SL4_1
4565,SL4,1,Acropora spicifera,1,8 to 9,5.74,ND,SL4_1
4691,SL4,1,Acropora spicifera,1,8 to 9,5.52,ND,SL4_1
4692,SL4,1,Acropora spicifera,1,8 to 9,4.3,ND,SL4_1
4695,SL4,1,Acropora spicifera,1,8 to 9,5.54,ND,SL4_1
4696,SL4,1,Acropora spicifera,1,8 to 9,5.38,ND,SL4_1
4697,SL4,1,Acropora spicifera,1,8 to 9,3.34,ND,SL4_1
4700,SL4,1,Acropora spicifera,1,8 to 9,4.96,ND,SL4_1
4701,SL4,1,Acropora spicifera,1,8 to 9,4.43,ND,SL4_1
4702,SL4,1,Acropora spicifera,1,8 to 9,2.72,ND,SL4_1
4707,SL4,1,Acropora spicifera,1,8 to 9,6.4,ND,SL4_1
4708,SL4,1,Acropora spicifera,1,8 to 9,5.75,ND,SL4_1
4710,SL4,1,Acropora spicifera,1,8 to 9,3.87,ND,SL4_1
4715,SL4,1,Acropora spicifera,1,8 to 9,3.89,ND,SL4_1
4717,SL4,1,Acropora spicifera,1,8 to 9,3.48,ND,SL4_1
4719,SL4,1,Acropora spicifera,1,8 to 9,7.29,ND,SL4_1
4722,SL4,1,Acropora spicifera,1,8 to 9,6.02,ND,SL4_1
4725,SL4,1,Acropora spicifera,1,8 to 9,5.65,ND,SL4_1
4727,SL4,1,Acropora spicifera,1,8 to 9,4.31,ND,SL4_1
4728,SL4,1,Acropora spicifera,1,8 to 9,5.09,ND,SL4_1
4732,SL4,1,Acropora spicifera,0,8 to 9,3.64,ND,SL4_1
4733,SL4,1,Acropora spicifera,0,8 to 9,1.68,ND,SL4_1
4734,SL4,1,Acropora spicifera,1,8 to 9,7.88,ND,SL4_1
4735,SL4,1,Acropora spicifera,1,8 to 9,4.96,ND,SL4_1
4738,SL4,1,Acropora spicifera,0,8 to 9,5.01,ND,SL4_1
4743,SL4,1,Acropora spicifera,1,8 to 9,9.61,ND,SL4_1
4744,SL4,1,Acropora spicifera,1,8 to 9,7.21,ND,SL4_1
4748,SL4,1,Acropora spicifera,1,8 to 9,6.35,ND,SL4_1
4761,SL4,1,Acropora spicifera,1,8 to 9,7.08,ND,SL4_1
4764,SL4,1,Acropora spicifera,1,8 to 9,4.13,ND,SL4_1
4767,SL4,1,Acropora spicifera,1,8 to 9,5.09,ND,SL4_1
4768,SL4,1,Acropora spicifera,1,8 to 9,2.88,ND,SL4_1
4773,SL4,1,Acropora spicifera,1,8 to 9,1.74,ND,SL4_1
4774,SL4,1,Acropora spicifera,0,8 to 9,4.95,ND,SL4_1
4779,SL4,1,Acropora spicifera,1,8 to 9,1.75,ND,SL4_1
4780,SL4,1,Acropora spicifera,1,8 to 9,3.75,ND,SL4_1
4782,SL4,1,Acropora spicifera,1,8 to 9,4.05,ND,SL4_1
4791,SL4,1,Acropora spicifera,1,8 to 9,3.74,ND,SL4_1
4792,SL4,1,Acropora spicifera,1,8 to 9,4.81,ND,SL4_1
4795,SL4,1,Acropora spicifera,1,8 to 9,8.51,ND,SL4_1
4799,SL4,1,Acropora spicifera,1,8 to 9,5.18,ND,SL4_1
4810,SL4,1,Acropora spicifera,1,8 to 9,3.28,ND,SL4_1
4811,SL4,1,Acropora spicifera,0,8 to 9,1.39,ND,SL4_1
4828,SL4,1,Acropora spicifera,1,8 to 9,6.03,ND,SL4_1
4829,SL4,1,Acropora spicifera,1,8 to 9,5.97,ND,SL4_1
4830,SL4,1,Acropora spicifera,1,8 to 9,2.94,ND,SL4_1
4831,SL4,1,Acropora spicifera,1,8 to 9,4.92,ND,SL4_1
4832,SL4,1,Acropora spicifera,1,8 to 9,1.92,ND,SL4_1
4833,SL4,1,Acropora spicifera,1,8 to 9,5.03,ND,SL4_1
4834,SL4,1,Acropora spicifera,1,8 to 9,1.98,ND,SL4_1
4843,SL4,1,Acropora spicifera,1,8 to 9,4.1,ND,SL4_1
4844,SL4,1,Acropora spicifera,1,8 to 9,2.47,ND,SL4_1
4862,SL4,1,Acropora spicifera,1,8 to 9,9.95,ND,SL4_1
4872,SL4,1,Acropora spicifera,1,8 to 9,7.28,ND,SL4_1
4874,SL4,1,Acropora spicifera,0,8 to 9,2.04,ND,SL4_1
4893,SL4,1,Acropora spicifera,1,8 to 9,4.93,ND,SL4_1
5050,SL4,2,Acropora spicifera,1,8 to 9,6.23,ND,SL4_2
5052,SL4,2,Acropora spicifera,1,8 to 9,9.36,ND,SL4_2
5068,SL4,2,Acropora spicifera,1,8 to 9,6.88,ND,SL4_2
5076,SL4,2,Acropora spicifera,1,8 to 9,7.38,ND,SL4_2
5109,SL4,2,Acropora spicifera,1,8 to 9,5.43,ND,SL4_2
5113,SL4,2,Acropora spicifera,1,8 to 9,3.94,ND,SL4_2
5114,SL4,2,Acropora spicifera,1,8 to 9,9.63,ND,SL4_2
5136,SL4,2,Acropora spicifera,1,8 to 9,3.29,ND,SL4_2
5145,SL4,2,Acropora spicifera,1,8 to 9,9.42,ND,SL4_2
5150,SL4,2,Acropora spicifera,1,8 to 9,5.1,ND,SL4_2
5151,SL4,2,Acropora spicifera,1,8 to 9,9.96,ND,SL4_2
5154,SL4,2,Acropora spicifera,1,8 to 9,7.58,ND,SL4_2
5163,SL4,2,Acropora spicifera,0,8 to 9,4.78,ND,SL4_2
5171,SL4,2,Acropora spicifera,1,8 to 9,6.41,ND,SL4_2
5181,SL4,2,Acropora spicifera,1,8 to 9,9.28,ND,SL4_2
5184,SL4,2,Acropora spicifera,1,8 to 9,9.61,ND,SL4_2
5297,SL4,2,Acropora spicifera,1,8 to 9,5.8,ND,SL4_2
5301,SL4,2,Acropora spicifera,1,8 to 9,3.91,ND,SL4_2
5302,SL4,2,Acropora spicifera,1,8 to 9,1.83,ND,SL4_2
5303,SL4,2,Acropora spicifera,1,8 to 9,1.17,ND,SL4_2
5305,SL4,2,Acropora spicifera,1,8 to 9,2.02,ND,SL4_2
5308,SL4,2,Acropora spicifera,1,8 to 9,6.11,ND,SL4_2
5309,SL4,2,Acropora spicifera,0,8 to 9,2.2,ND,SL4_2
5313,SL4,2,Acropora spicifera,1,8 to 9,7.7,ND,SL4_2
5322,SL4,2,Acropora spicifera,1,8 to 9,7.87,ND,SL4_2
5337,SL4,2,Acropora spicifera,1,8 to 9,4.65,ND,SL4_2
5338,SL4,2,Acropora spicifera,1,8 to 9,1.97,ND,SL4_2
5339,SL4,2,Acropora spicifera,1,8 to 9,1.44,ND,SL4_2
5346,SL4,2,Acropora spicifera,1,8 to 9,2.04,ND,SL4_2
5351,SL4,2,Acropora spicifera,1,8 to 9,1.76,ND,SL4_2
5352,SL4,2,Acropora spicifera,0,8 to 9,1.74,ND,SL4_2
5353,SL4,2,Acropora spicifera,1,8 to 9,2.49,ND,SL4_2
5356,SL4,2,Acropora spicifera,1,8 to 9,9.7,ND,SL4_2
5357,SL4,2,Acropora spicifera,1,8 to 9,2.99,ND,SL4_2
5362,SL4,2,Acropora spicifera,0,8 to 9,3.76,ND,SL4_2
5363,SL4,2,Acropora spicifera,0,8 to 9,2.53,ND,SL4_2
5374,SL4,2,Acropora spicifera,1,8 to 9,2.84,ND,SL4_2
5383,SL4,2,Acropora spicifera,1,8 to 9,2.93,ND,SL4_2
5399,SL4,2,Acropora spicifera,1,8 to 9,4.79,ND,SL4_2
5400,SL4,2,Acropora spicifera,0,8 to 9,1.46,ND,SL4_2
5405,SL4,2,Acropora spicifera,1,8 to 9,8.19,ND,SL4_2
5406,SL4,2,Acropora spicifera,0,8 to 9,2.1,ND,SL4_2
5407,SL4,2,Acropora spicifera,1,8 to 9,6.49,ND,SL4_2
5416,SL4,2,Acropora spicifera,1,8 to 9,5.03,ND,SL4_2
5423,SL4,2,Acropora spicifera,1,8 to 9,4.52,ND,SL4_2
5430,SL4,2,Acropora spicifera,1,8 to 9,4.69,ND,SL4_2
5431,SL4,2,Acropora spicifera,1,8 to 9,5.6,ND,SL4_2
5436,SL4,2,Acropora spicifera,1,8 to 9,6.58,ND,SL4_2
5437,SL4,2,Acropora spicifera,0,8 to 9,4.41,ND,SL4_2
5444,SL4,2,Acropora spicifera,1,8 to 9,7.55,ND,SL4_2
5453,SL4,2,Acropora spicifera,1,8 to 9,6.37,ND,SL4_2
5454,SL4,2,Acropora spicifera,1,8 to 9,9.65,ND,SL4_2
5462,SL4,2,Acropora spicifera,1,8 to 9,2.11,ND,SL4_2
5469,SL4,2,Acropora spicifera,1,8 to 9,2.69,ND,SL4_2
5475,SL4,2,Acropora spicifera,0,8 to 9,1,ND,SL4_2
5485,SL4,2,Acropora spicifera,1,8 to 9,7.28,ND,SL4_2
5490,SL4,2,Acropora spicifera,1,8 to 9,5.74,ND,SL4_2
5492,SL4,2,Acropora spicifera,1,8 to 9,3.79,ND,SL4_2
5495,SL4,2,Acropora spicifera,1,8 to 9,5.46,ND,SL4_2
5498,SL4,2,Acropora spicifera,1,8 to 9,1.48,ND,SL4_2
6,SL1,1,Goniastrea spp.,1,8 to 9,4.97,ND,SL1_1
19,SL1,1,Goniastrea spp.,1,8 to 9,4.76,ND,SL1_1
24,SL1,1,Goniastrea spp.,1,8 to 9,4.56,ND,SL1_1
35,SL1,1,Goniastrea spp.,1,8 to 9,6.92,ND,SL1_1
69,SL1,1,Goniastrea spp.,1,8 to 9,5.28,ND,SL1_1
81,SL1,1,Goniastrea spp.,1,8 to 9,7.08,ND,SL1_1
112,SL1,1,Goniastrea spp.,1,8 to 9,7.41,ND,SL1_1
114,SL1,1,Goniastrea spp.,1,8 to 9,7.45,ND,SL1_1
116,SL1,1,Goniastrea spp.,1,8 to 9,3.12,ND,SL1_1
134,SL1,1,Goniastrea spp.,1,8 to 9,9.6,ND,SL1_1
142,SL1,1,Goniastrea spp.,1,8 to 9,7.64,ND,SL1_1
143,SL1,1,Goniastrea spp.,1,8 to 9,6.65,ND,SL1_1
147,SL1,1,Goniastrea spp.,1,8 to 9,7.19,ND,SL1_1
148,SL1,1,Goniastrea spp.,1,8 to 9,9.89,ND,SL1_1
149,SL1,1,Goniastrea spp.,1,8 to 9,4.54,ND,SL1_1
150,SL1,1,Goniastrea spp.,1,8 to 9,7.36,ND,SL1_1
152,SL1,1,Goniastrea spp.,1,8 to 9,3.14,ND,SL1_1
153,SL1,1,Goniastrea spp.,1,8 to 9,3.11,ND,SL1_1
157,SL1,1,Goniastrea spp.,1,8 to 9,8.87,ND,SL1_1
160,SL1,1,Goniastrea spp.,1,8 to 9,5.17,ND,SL1_1
166,SL1,1,Goniastrea spp.,1,8 to 9,5.74,ND,SL1_1
169,SL1,1,Goniastrea spp.,1,8 to 9,7.19,ND,SL1_1
170,SL1,1,Goniastrea spp.,1,8 to 9,2.87,ND,SL1_1
179,SL1,1,Goniastrea spp.,1,8 to 9,8.38,ND,SL1_1
181,SL1,1,Goniastrea spp.,1,8 to 9,5.25,ND,SL1_1
183,SL1,1,Goniastrea spp.,1,8 to 9,3.88,ND,SL1_1
192,SL1,1,Goniastrea spp.,1,8 to 9,8.59,ND,SL1_1
194,SL1,1,Goniastrea spp.,1,8 to 9,8.04,ND,SL1_1
195,SL1,1,Goniastrea spp.,1,8 to 9,3.38,ND,SL1_1
196,SL1,1,Goniastrea spp.,1,8 to 9,2.78,ND,SL1_1
199,SL1,1,Goniastrea spp.,1,8 to 9,8.64,ND,SL1_1
200,SL1,1,Goniastrea spp.,1,8 to 9,6.15,ND,SL1_1
201,SL1,1,Goniastrea spp.,1,8 to 9,4.53,ND,SL1_1
204,SL1,1,Goniastrea spp.,1,8 to 9,2.76,ND,SL1_1
209,SL1,1,Goniastrea spp.,1,8 to 9,7.21,ND,SL1_1
210,SL1,1,Goniastrea spp.,1,8 to 9,2.72,ND,SL1_1
211,SL1,1,Goniastrea spp.,1,8 to 9,6.87,ND,SL1_1
215,SL1,1,Goniastrea spp.,1,8 to 9,4.83,ND,SL1_1
375,SL1,1,Goniastrea spp.,1,8 to 9,3.77,ND,SL1_1
407,SL1,1,Goniastrea spp.,1,8 to 9,1.64,ND,SL1_1
408,SL1,1,Goniastrea spp.,1,8 to 9,2.47,ND,SL1_1
410,SL1,1,Goniastrea spp.,1,8 to 9,7.88,ND,SL1_1
413,SL1,1,Goniastrea spp.,1,8 to 9,6.01,ND,SL1_1
414,SL1,1,Goniastrea spp.,1,8 to 9,8.58,ND,SL1_1
415,SL1,1,Goniastrea spp.,1,8 to 9,8.8,ND,SL1_1
416,SL1,1,Goniastrea spp.,0,8 to 9,2.33,ND,SL1_1
421,SL1,1,Goniastrea spp.,1,8 to 9,5.48,ND,SL1_1
427,SL1,1,Goniastrea spp.,1,8 to 9,3.06,ND,SL1_1
428,SL1,1,Goniastrea spp.,1,8 to 9,4.48,ND,SL1_1
429,SL1,1,Goniastrea spp.,1,8 to 9,6.46,ND,SL1_1
430,SL1,1,Goniastrea spp.,1,8 to 9,4.98,ND,SL1_1
442,SL1,1,Goniastrea spp.,1,8 to 9,5.71,ND,SL1_1
476,SL1,1,Goniastrea spp.,1,8 to 9,0.97,ND,SL1_1
479,SL1,1,Goniastrea spp.,1,8 to 9,2.93,ND,SL1_1
483,SL1,1,Goniastrea spp.,1,8 to 9,8.27,ND,SL1_1
486,SL1,1,Goniastrea spp.,1,8 to 9,4.09,ND,SL1_1
494,SL1,1,Goniastrea spp.,1,8 to 9,6.76,ND,SL1_1
501,SL1,1,Goniastrea spp.,1,8 to 9,3.91,ND,SL1_1
515,SL1,1,Goniastrea spp.,1,8 to 9,7.49,ND,SL1_1
519,SL1,1,Goniastrea spp.,1,8 to 9,3.12,ND,SL1_1
521,SL1,1,Goniastrea spp.,1,8 to 9,7.05,ND,SL1_1
536,SL1,1,Goniastrea spp.,1,8 to 9,3.15,ND,SL1_1
538,SL1,1,Goniastrea spp.,1,8 to 9,8.03,ND,SL1_1
540,SL1,1,Goniastrea spp.,1,8 to 9,2.55,ND,SL1_1
542,SL1,1,Goniastrea spp.,1,8 to 9,3.35,ND,SL1_1
544,SL1,1,Goniastrea spp.,1,8 to 9,4.38,ND,SL1_1
549,SL1,1,Goniastrea spp.,1,8 to 9,5.09,ND,SL1_1
550,SL1,1,Goniastrea spp.,1,8 to 9,5.01,ND,SL1_1
551,SL1,1,Goniastrea spp.,1,8 to 9,5.73,ND,SL1_1
554,SL1,1,Goniastrea spp.,1,8 to 9,3.36,ND,SL1_1
555,SL1,1,Goniastrea spp.,1,8 to 9,1.69,ND,SL1_1
560,SL1,1,Goniastrea spp.,1,8 to 9,9.57,ND,SL1_1
566,SL1,1,Goniastrea spp.,1,8 to 9,2.63,ND,SL1_1
570,SL1,1,Goniastrea spp.,1,8 to 9,6.2,ND,SL1_1
571,SL1,1,Goniastrea spp.,1,8 to 9,4.95,ND,SL1_1
573,SL1,1,Goniastrea spp.,1,8 to 9,4.59,ND,SL1_1
576,SL1,1,Goniastrea spp.,1,8 to 9,3.27,ND,SL1_1
577,SL1,1,Goniastrea spp.,1,8 to 9,2.73,ND,SL1_1
578,SL1,1,Goniastrea spp.,1,8 to 9,7.31,ND,SL1_1
579,SL1,1,Goniastrea spp.,1,8 to 9,3.49,ND,SL1_1
580,SL1,1,Goniastrea spp.,1,8 to 9,7.42,ND,SL1_1
581,SL1,1,Goniastrea spp.,1,8 to 9,6.44,ND,SL1_1
585,SL1,1,Goniastrea spp.,1,8 to 9,2.63,ND,SL1_1
586,SL1,1,Goniastrea spp.,1,8 to 9,3.24,ND,SL1_1
587,SL1,1,Goniastrea spp.,1,8 to 9,5.6,ND,SL1_1
590,SL1,1,Goniastrea spp.,1,8 to 9,9.47,ND,SL1_1
599,SL1,1,Goniastrea spp.,1,8 to 9,3.88,ND,SL1_1
600,SL1,1,Goniastrea spp.,1,8 to 9,3.96,ND,SL1_1
601,SL1,1,Goniastrea spp.,1,8 to 9,5.1,ND,SL1_1
602,SL1,1,Goniastrea spp.,1,8 to 9,6.63,ND,SL1_1
638,SL1,1,Goniastrea spp.,1,8 to 9,2.05,ND,SL1_1
639,SL1,1,Goniastrea spp.,1,8 to 9,5.5,ND,SL1_1
641,SL1,1,Goniastrea spp.,1,8 to 9,3.42,ND,SL1_1
645,SL1,1,Goniastrea spp.,1,8 to 9,6.19,ND,SL1_1
670,SL1,1,Goniastrea spp.,0,8 to 9,6.16,ND,SL1_1
672,SL1,1,Goniastrea spp.,0,8 to 9,5.84,ND,SL1_1
838,SL1,2,Goniastrea spp.,1,8 to 9,2.78,ND,SL1_2
850,SL1,2,Goniastrea spp.,1,8 to 9,9.27,ND,SL1_2
851,SL1,2,Goniastrea spp.,1,8 to 9,8.28,ND,SL1_2
855,SL1,2,Goniastrea spp.,1,8 to 9,8.03,ND,SL1_2
856,SL1,2,Goniastrea spp.,1,8 to 9,4.4,ND,SL1_2
879,SL1,2,Goniastrea spp.,1,8 to 9,4.55,ND,SL1_2
890,SL1,2,Goniastrea spp.,1,8 to 9,3.16,ND,SL1_2
892,SL1,2,Goniastrea spp.,1,8 to 9,2.74,ND,SL1_2
894,SL1,2,Goniastrea spp.,1,8 to 9,3.4,ND,SL1_2
895,SL1,2,Goniastrea spp.,1,8 to 9,4.24,ND,SL1_2
902,SL1,2,Goniastrea spp.,1,8 to 9,5.44,ND,SL1_2
914,SL1,2,Goniastrea spp.,1,8 to 9,2.38,ND,SL1_2
918,SL1,2,Goniastrea spp.,1,8 to 9,5.76,ND,SL1_2
927,SL1,2,Goniastrea spp.,1,8 to 9,4.76,ND,SL1_2
941,SL1,2,Goniastrea spp.,1,8 to 9,7.52,ND,SL1_2
945,SL1,2,Goniastrea spp.,1,8 to 9,5.43,ND,SL1_2
946,SL1,2,Goniastrea spp.,1,8 to 9,7.26,ND,SL1_2
951,SL1,2,Goniastrea spp.,1,8 to 9,9.18,ND,SL1_2
954,SL1,2,Goniastrea spp.,1,8 to 9,3.74,ND,SL1_2
965,SL1,2,Goniastrea spp.,1,8 to 9,6.03,ND,SL1_2
966,SL1,2,Goniastrea spp.,1,8 to 9,5.11,ND,SL1_2
972,SL1,2,Goniastrea spp.,1,8 to 9,4.21,ND,SL1_2
973,SL1,2,Goniastrea spp.,1,8 to 9,4.12,ND,SL1_2
982,SL1,2,Goniastrea spp.,1,8 to 9,1.84,ND,SL1_2
984,SL1,2,Goniastrea spp.,1,8 to 9,1.61,ND,SL1_2
989,SL1,2,Goniastrea spp.,1,8 to 9,6.83,ND,SL1_2
995,SL1,2,Goniastrea spp.,1,8 to 9,6.05,ND,SL1_2
1003,SL1,2,Goniastrea spp.,1,8 to 9,9.79,ND,SL1_2
1015,SL1,2,Goniastrea spp.,1,8 to 9,4.2,ND,SL1_2
1024,SL1,2,Goniastrea spp.,1,8 to 9,6.62,ND,SL1_2
1025,SL1,2,Goniastrea spp.,1,8 to 9,5.02,ND,SL1_2
1034,SL1,2,Goniastrea spp.,1,8 to 9,5.68,ND,SL1_2
1040,SL1,2,Goniastrea spp.,1,8 to 9,6.12,ND,SL1_2
1050,SL1,2,Goniastrea spp.,1,8 to 9,6.62,ND,SL1_2
1051,SL1,2,Goniastrea spp.,1,8 to 9,4.03,ND,SL1_2
1052,SL1,2,Goniastrea spp.,1,8 to 9,9.45,ND,SL1_2
1067,SL1,2,Goniastrea spp.,1,8 to 9,9.57,ND,SL1_2
1079,SL1,2,Goniastrea spp.,1,8 to 9,5.08,ND,SL1_2
1091,SL1,2,Goniastrea spp.,1,8 to 9,6.81,ND,SL1_2
1101,SL1,2,Goniastrea spp.,1,8 to 9,4.93,ND,SL1_2
1110,SL1,2,Goniastrea spp.,1,8 to 9,6.39,ND,SL1_2
1245,SL1,2,Goniastrea spp.,1,8 to 9,8.08,ND,SL1_2
1258,SL1,2,Goniastrea spp.,1,8 to 9,4.11,ND,SL1_2
1260,SL1,2,Goniastrea spp.,1,8 to 9,4.08,ND,SL1_2
1269,SL1,2,Goniastrea spp.,1,8 to 9,1.71,ND,SL1_2
1277,SL1,2,Goniastrea spp.,1,8 to 9,3.89,ND,SL1_2
1281,SL1,2,Goniastrea spp.,1,8 to 9,1.93,ND,SL1_2
1284,SL1,2,Goniastrea spp.,1,8 to 9,9.59,ND,SL1_2
1290,SL1,2,Goniastrea spp.,1,8 to 9,4.97,ND,SL1_2
1297,SL1,2,Goniastrea spp.,1,8 to 9,1.98,ND,SL1_2
1310,SL1,2,Goniastrea spp.,1,8 to 9,7.04,ND,SL1_2
1313,SL1,2,Goniastrea spp.,1,8 to 9,5.49,ND,SL1_2
1314,SL1,2,Goniastrea spp.,1,8 to 9,9.23,ND,SL1_2
1315,SL1,2,Goniastrea spp.,1,8 to 9,2.94,ND,SL1_2
1316,SL1,2,Goniastrea spp.,1,8 to 9,6.01,ND,SL1_2
1320,SL1,2,Goniastrea spp.,1,8 to 9,5.04,ND,SL1_2
1321,SL1,2,Goniastrea spp.,1,8 to 9,2.73,ND,SL1_2
1322,SL1,2,Goniastrea spp.,1,8 to 9,9.07,ND,SL1_2
1325,SL1,2,Goniastrea spp.,1,8 to 9,4.25,ND,SL1_2
1327,SL1,2,Goniastrea spp.,1,8 to 9,4.28,ND,SL1_2
1333,SL1,2,Goniastrea spp.,1,8 to 9,2.22,ND,SL1_2
1334,SL1,2,Goniastrea spp.,1,8 to 9,3.3,ND,SL1_2
1336,SL1,2,Goniastrea spp.,1,8 to 9,6.72,ND,SL1_2
1340,SL1,2,Goniastrea spp.,1,8 to 9,8.85,ND,SL1_2
1341,SL1,2,Goniastrea spp.,1,8 to 9,6.43,ND,SL1_2
1342,SL1,2,Goniastrea spp.,1,8 to 9,7.46,ND,SL1_2
1344,SL1,2,Goniastrea spp.,1,8 to 9,9.17,ND,SL1_2
1345,SL1,2,Goniastrea spp.,1,8 to 9,8.94,ND,SL1_2
1363,SL1,2,Goniastrea spp.,1,8 to 9,9.43,ND,SL1_2
1373,SL1,2,Goniastrea spp.,1,8 to 9,5.69,ND,SL1_2
1400,SL1,2,Goniastrea spp.,1,8 to 9,4.88,ND,SL1_2
1404,SL1,2,Goniastrea spp.,1,8 to 9,3.48,ND,SL1_2
1406,SL1,2,Goniastrea spp.,1,8 to 9,6.23,ND,SL1_2
1407,SL1,2,Goniastrea spp.,1,8 to 9,3.43,ND,SL1_2
1412,SL1,2,Goniastrea spp.,1,8 to 9,1.56,ND,SL1_2
1415,SL1,2,Goniastrea spp.,1,8 to 9,5.98,ND,SL1_2
1416,SL1,2,Goniastrea spp.,1,8 to 9,1.83,ND,SL1_2
1417,SL1,2,Goniastrea spp.,0,8 to 9,2.2,ND,SL1_2
1423,SL1,2,Goniastrea spp.,1,8 to 9,5.42,ND,SL1_2
1424,SL1,2,Goniastrea spp.,1,8 to 9,2.12,ND,SL1_2
1427,SL1,2,Goniastrea spp.,1,8 to 9,7.39,ND,SL1_2
1428,SL1,2,Goniastrea spp.,1,8 to 9,3.86,ND,SL1_2
1430,SL1,2,Goniastrea spp.,1,8 to 9,5.48,ND,SL1_2
1433,SL1,2,Goniastrea spp.,1,8 to 9,8.78,ND,SL1_2
1438,SL1,2,Goniastrea spp.,1,8 to 9,7.05,ND,SL1_2
1439,SL1,2,Goniastrea spp.,1,8 to 9,5.99,ND,SL1_2
1440,SL1,2,Goniastrea spp.,1,8 to 9,4.43,ND,SL1_2
1441,SL1,2,Goniastrea spp.,1,8 to 9,7.07,ND,SL1_2
1442,SL1,2,Goniastrea spp.,1,8 to 9,3.27,ND,SL1_2
1443,SL1,2,Goniastrea spp.,1,8 to 9,6.87,ND,SL1_2
1445,SL1,2,Goniastrea spp.,1,8 to 9,4.25,ND,SL1_2
1447,SL1,2,Goniastrea spp.,1,8 to 9,4.24,ND,SL1_2
1448,SL1,2,Goniastrea spp.,1,8 to 9,4.95,ND,SL1_2
1449,SL1,2,Goniastrea spp.,1,8 to 9,3.03,ND,SL1_2
1450,SL1,2,Goniastrea spp.,1,8 to 9,2.7,ND,SL1_2
1451,SL1,2,Goniastrea spp.,1,8 to 9,3.14,ND,SL1_2
1452,SL1,2,Goniastrea spp.,1,8 to 9,4.64,ND,SL1_2
1460,SL1,2,Goniastrea spp.,1,8 to 9,2.48,ND,SL1_2
1464,SL1,2,Goniastrea spp.,1,8 to 9,3.55,ND,SL1_2
1465,SL1,2,Goniastrea spp.,0,8 to 9,4,ND,SL1_2
1466,SL1,2,Goniastrea spp.,0,8 to 9,3.02,ND,SL1_2
1468,SL1,2,Goniastrea spp.,1,8 to 9,3.7,ND,SL1_2
1478,SL1,2,Goniastrea spp.,1,8 to 9,7.15,ND,SL1_2
1482,SL1,2,Goniastrea spp.,1,8 to 9,2.02,ND,SL1_2
1488,SL1,2,Goniastrea spp.,1,8 to 9,2.67,ND,SL1_2
1492,SL1,2,Goniastrea spp.,1,8 to 9,3.13,ND,SL1_2
1496,SL1,2,Goniastrea spp.,1,8 to 9,2.6,ND,SL1_2
1498,SL1,2,Goniastrea spp.,1,8 to 9,8.46,ND,SL1_2
1500,SL1,2,Goniastrea spp.,1,8 to 9,1.3,ND,SL1_2
1502,SL1,2,Goniastrea spp.,1,8 to 9,4.7,ND,SL1_2
1506,SL1,2,Goniastrea spp.,1,8 to 9,2,ND,SL1_2
1507,SL1,2,Goniastrea spp.,1,8 to 9,3.28,ND,SL1_2
1508,SL1,2,Goniastrea spp.,1,8 to 9,3.53,ND,SL1_2
1516,SL1,2,Goniastrea spp.,1,8 to 9,7.48,ND,SL1_2
1685,SL2,1,Goniastrea spp.,1,8 to 9,7.75,ND,SL2_1
1694,SL2,1,Goniastrea spp.,1,8 to 9,2.82,ND,SL2_1
1695,SL2,1,Goniastrea spp.,1,8 to 9,9.02,ND,SL2_1
1697,SL2,1,Goniastrea spp.,1,8 to 9,3.85,ND,SL2_1
1699,SL2,1,Goniastrea spp.,1,8 to 9,5.64,ND,SL2_1
1707,SL2,1,Goniastrea spp.,1,8 to 9,6.46,ND,SL2_1
1716,SL2,1,Goniastrea spp.,1,8 to 9,3.97,ND,SL2_1
1718,SL2,1,Goniastrea spp.,1,8 to 9,2.76,ND,SL2_1
1749,SL2,1,Goniastrea spp.,1,8 to 9,9.71,ND,SL2_1
1751,SL2,1,Goniastrea spp.,1,8 to 9,3.24,ND,SL2_1
1761,SL2,1,Goniastrea spp.,1,8 to 9,5.55,ND,SL2_1
1762,SL2,1,Goniastrea spp.,1,8 to 9,3.5,ND,SL2_1
1763,SL2,1,Goniastrea spp.,1,8 to 9,2.67,ND,SL2_1
1764,SL2,1,Goniastrea spp.,1,8 to 9,3.29,ND,SL2_1
1773,SL2,1,Goniastrea spp.,1,8 to 9,3.47,ND,SL2_1
1779,SL2,1,Goniastrea spp.,1,8 to 9,8.85,ND,SL2_1
1784,SL2,1,Goniastrea spp.,1,8 to 9,6.94,ND,SL2_1
1793,SL2,1,Goniastrea spp.,1,8 to 9,4.04,ND,SL2_1
1797,SL2,1,Goniastrea spp.,1,8 to 9,6.78,ND,SL2_1
1799,SL2,1,Goniastrea spp.,1,8 to 9,3.48,ND,SL2_1
1803,SL2,1,Goniastrea spp.,1,8 to 9,4.32,ND,SL2_1
1808,SL2,1,Goniastrea spp.,1,8 to 9,7.85,ND,SL2_1
1809,SL2,1,Goniastrea spp.,1,8 to 9,5.37,ND,SL2_1
1810,SL2,1,Goniastrea spp.,1,8 to 9,2.26,ND,SL2_1
1823,SL2,1,Goniastrea spp.,1,8 to 9,9.4,ND,SL2_1
1824,SL2,1,Goniastrea spp.,1,8 to 9,4.11,ND,SL2_1
1825,SL2,1,Goniastrea spp.,1,8 to 9,6.59,ND,SL2_1
1826,SL2,1,Goniastrea spp.,1,8 to 9,6.38,ND,SL2_1
1828,SL2,1,Goniastrea spp.,1,8 to 9,8.42,ND,SL2_1
1831,SL2,1,Goniastrea spp.,1,8 to 9,6.55,ND,SL2_1
1832,SL2,1,Goniastrea spp.,1,8 to 9,3.7,ND,SL2_1
1840,SL2,1,Goniastrea spp.,1,8 to 9,2.53,ND,SL2_1
1851,SL2,1,Goniastrea spp.,1,8 to 9,2.93,ND,SL2_1
1873,SL2,1,Goniastrea spp.,1,8 to 9,5.2,ND,SL2_1
1875,SL2,1,Goniastrea spp.,1,8 to 9,6.04,ND,SL2_1
1876,SL2,1,Goniastrea spp.,1,8 to 9,5.97,ND,SL2_1
1877,SL2,1,Goniastrea spp.,1,8 to 9,7.82,ND,SL2_1
1879,SL2,1,Goniastrea spp.,1,8 to 9,8.86,ND,SL2_1
1884,SL2,1,Goniastrea spp.,1,8 to 9,9.57,ND,SL2_1
1893,SL2,1,Goniastrea spp.,1,8 to 9,7.87,ND,SL2_1
1894,SL2,1,Goniastrea spp.,1,8 to 9,8.85,ND,SL2_1
1897,SL2,1,Goniastrea spp.,1,8 to 9,9.05,ND,SL2_1
1993,SL2,1,Goniastrea spp.,1,8 to 9,3.3,ND,SL2_1
1995,SL2,1,Goniastrea spp.,1,8 to 9,6.75,ND,SL2_1
2000,SL2,1,Goniastrea spp.,1,8 to 9,8.55,ND,SL2_1
2001,SL2,1,Goniastrea spp.,1,8 to 9,6.86,ND,SL2_1
2032,SL2,1,Goniastrea spp.,1,8 to 9,2.39,ND,SL2_1
2041,SL2,1,Goniastrea spp.,1,8 to 9,2.8,ND,SL2_1
2047,SL2,1,Goniastrea spp.,1,8 to 9,3.24,ND,SL2_1
2066,SL2,1,Goniastrea spp.,1,8 to 9,3.25,ND,SL2_1
2067,SL2,1,Goniastrea spp.,1,8 to 9,1.61,ND,SL2_1
2072,SL2,1,Goniastrea spp.,1,8 to 9,5.61,ND,SL2_1
2073,SL2,1,Goniastrea spp.,1,8 to 9,6.28,ND,SL2_1
2080,SL2,1,Goniastrea spp.,1,8 to 9,3.1,ND,SL2_1
2081,SL2,1,Goniastrea spp.,1,8 to 9,9.79,ND,SL2_1
2083,SL2,1,Goniastrea spp.,0,8 to 9,4.66,ND,SL2_1
2093,SL2,1,Goniastrea spp.,1,8 to 9,7.42,ND,SL2_1
2094,SL2,1,Goniastrea spp.,1,8 to 9,9.09,ND,SL2_1
2095,SL2,1,Goniastrea spp.,1,8 to 9,5.73,ND,SL2_1
2101,SL2,1,Goniastrea spp.,1,8 to 9,4.46,ND,SL2_1
2153,SL2,1,Goniastrea spp.,1,8 to 9,9.53,ND,SL2_1
2156,SL2,1,Goniastrea spp.,0,8 to 9,4.32,ND,SL2_1
2167,SL2,1,Goniastrea spp.,1,8 to 9,7.35,ND,SL2_1
2172,SL2,1,Goniastrea spp.,1,8 to 9,6.49,ND,SL2_1
2181,SL2,1,Goniastrea spp.,1,8 to 9,2.54,ND,SL2_1
2182,SL2,1,Goniastrea spp.,1,8 to 9,5.36,ND,SL2_1
2185,SL2,1,Goniastrea spp.,0,8 to 9,4.74,ND,SL2_1
2188,SL2,1,Goniastrea spp.,1,8 to 9,6.11,ND,SL2_1
2191,SL2,1,Goniastrea spp.,1,8 to 9,1.85,ND,SL2_1
2192,SL2,1,Goniastrea spp.,0,8 to 9,5.59,ND,SL2_1
2200,SL2,1,Goniastrea spp.,1,8 to 9,3.02,ND,SL2_1
2204,SL2,1,Goniastrea spp.,1,8 to 9,1.92,ND,SL2_1
2209,SL2,1,Goniastrea spp.,1,8 to 9,7.42,ND,SL2_1
2216,SL2,1,Goniastrea spp.,1,8 to 9,4.5,ND,SL2_1
2217,SL2,1,Goniastrea spp.,1,8 to 9,0.96,ND,SL2_1
2218,SL2,1,Goniastrea spp.,1,8 to 9,1.88,ND,SL2_1
2219,SL2,1,Goniastrea spp.,1,8 to 9,4.39,ND,SL2_1
2220,SL2,1,Goniastrea spp.,1,8 to 9,9.5,ND,SL2_1
2221,SL2,1,Goniastrea spp.,1,8 to 9,3.84,ND,SL2_1
2222,SL2,1,Goniastrea spp.,1,8 to 9,5.49,ND,SL2_1
2313,SL2,2,Goniastrea spp.,1,8 to 9,9.21,ND,SL2_2
2314,SL2,2,Goniastrea spp.,1,8 to 9,6.42,ND,SL2_2
2317,SL2,2,Goniastrea spp.,1,8 to 9,8.38,ND,SL2_2
2318,SL2,2,Goniastrea spp.,1,8 to 9,4.92,ND,SL2_2
2328,SL2,2,Goniastrea spp.,1,8 to 9,9.19,ND,SL2_2
2334,SL2,2,Goniastrea spp.,1,8 to 9,7.62,ND,SL2_2
2352,SL2,2,Goniastrea spp.,1,8 to 9,8.51,ND,SL2_2
2363,SL2,2,Goniastrea spp.,1,8 to 9,3.45,ND,SL2_2
2368,SL2,2,Goniastrea spp.,1,8 to 9,2.33,ND,SL2_2
2371,SL2,2,Goniastrea spp.,1,8 to 9,4.24,ND,SL2_2
2373,SL2,2,Goniastrea spp.,1,8 to 9,1.68,ND,SL2_2
2375,SL2,2,Goniastrea spp.,1,8 to 9,7.25,ND,SL2_2
2376,SL2,2,Goniastrea spp.,1,8 to 9,5.15,ND,SL2_2
2377,SL2,2,Goniastrea spp.,1,8 to 9,6.69,ND,SL2_2
2378,SL2,2,Goniastrea spp.,1,8 to 9,8.04,ND,SL2_2
2380,SL2,2,Goniastrea spp.,1,8 to 9,4.36,ND,SL2_2
2383,SL2,2,Goniastrea spp.,1,8 to 9,9.95,ND,SL2_2
2386,SL2,2,Goniastrea spp.,1,8 to 9,6.42,ND,SL2_2
2387,SL2,2,Goniastrea spp.,1,8 to 9,2.69,ND,SL2_2
2388,SL2,2,Goniastrea spp.,1,8 to 9,8.69,ND,SL2_2
2390,SL2,2,Goniastrea spp.,1,8 to 9,9.62,ND,SL2_2
2392,SL2,2,Goniastrea spp.,1,8 to 9,2.75,ND,SL2_2
2393,SL2,2,Goniastrea spp.,1,8 to 9,3.07,ND,SL2_2
2395,SL2,2,Goniastrea spp.,1,8 to 9,5.44,ND,SL2_2
2396,SL2,2,Goniastrea spp.,1,8 to 9,4.36,ND,SL2_2
2397,SL2,2,Goniastrea spp.,1,8 to 9,5.91,ND,SL2_2
2398,SL2,2,Goniastrea spp.,1,8 to 9,6.43,ND,SL2_2
2399,SL2,2,Goniastrea spp.,1,8 to 9,6.06,ND,SL2_2
2408,SL2,2,Goniastrea spp.,1,8 to 9,4.38,ND,SL2_2
2411,SL2,2,Goniastrea spp.,1,8 to 9,3.51,ND,SL2_2
2414,SL2,2,Goniastrea spp.,1,8 to 9,5.25,ND,SL2_2
2417,SL2,2,Goniastrea spp.,1,8 to 9,9.91,ND,SL2_2
2420,SL2,2,Goniastrea spp.,1,8 to 9,5.5,ND,SL2_2
2421,SL2,2,Goniastrea spp.,1,8 to 9,7.55,ND,SL2_2
2428,SL2,2,Goniastrea spp.,1,8 to 9,1.88,ND,SL2_2
2458,SL2,2,Goniastrea spp.,1,8 to 9,2.39,ND,SL2_2
2460,SL2,2,Goniastrea spp.,1,8 to 9,3.99,ND,SL2_2
2477,SL2,2,Goniastrea spp.,1,8 to 9,4.9,ND,SL2_2
2504,SL2,2,Goniastrea spp.,1,8 to 9,5.35,ND,SL2_2
2658,SL2,2,Goniastrea spp.,1,8 to 9,9.65,ND,SL2_2
2660,SL2,2,Goniastrea spp.,1,8 to 9,5.1,ND,SL2_2
2665,SL2,2,Goniastrea spp.,1,8 to 9,3.56,ND,SL2_2
2666,SL2,2,Goniastrea spp.,1,8 to 9,5.1,ND,SL2_2
2672,SL2,2,Goniastrea spp.,1,8 to 9,3.46,ND,SL2_2
2677,SL2,2,Goniastrea spp.,1,8 to 9,7.7,ND,SL2_2
2679,SL2,2,Goniastrea spp.,1,8 to 9,7.89,ND,SL2_2
2726,SL2,2,Goniastrea spp.,1,8 to 9,2.67,ND,SL2_2
2727,SL2,2,Goniastrea spp.,1,8 to 9,3.6,ND,SL2_2
2731,SL2,2,Goniastrea spp.,1,8 to 9,3.83,ND,SL2_2
2732,SL2,2,Goniastrea spp.,1,8 to 9,3.96,ND,SL2_2
2738,SL2,2,Goniastrea spp.,1,8 to 9,4.91,ND,SL2_2
2750,SL2,2,Goniastrea spp.,1,8 to 9,1.87,ND,SL2_2
2754,SL2,2,Goniastrea spp.,1,8 to 9,4.72,ND,SL2_2
2764,SL2,2,Goniastrea spp.,1,8 to 9,3.4,ND,SL2_2
2771,SL2,2,Goniastrea spp.,1,8 to 9,2.73,ND,SL2_2
2778,SL2,2,Goniastrea spp.,1,8 to 9,6.44,ND,SL2_2
2791,SL2,2,Goniastrea spp.,1,8 to 9,6.22,ND,SL2_2
2793,SL2,2,Goniastrea spp.,1,8 to 9,3.57,ND,SL2_2
2794,SL2,2,Goniastrea spp.,1,8 to 9,4.71,ND,SL2_2
2795,SL2,2,Goniastrea spp.,1,8 to 9,2.6,ND,SL2_2
2798,SL2,2,Goniastrea spp.,0,8 to 9,3.85,ND,SL2_2
2801,SL2,2,Goniastrea spp.,1,8 to 9,5.21,ND,SL2_2
2802,SL2,2,Goniastrea spp.,1,8 to 9,9.22,ND,SL2_2
2805,SL2,2,Goniastrea spp.,1,8 to 9,2.77,ND,SL2_2
2806,SL2,2,Goniastrea spp.,1,8 to 9,3.03,ND,SL2_2
2807,SL2,2,Goniastrea spp.,1,8 to 9,8.36,ND,SL2_2
2809,SL2,2,Goniastrea spp.,1,8 to 9,6.68,ND,SL2_2
2812,SL2,2,Goniastrea spp.,1,8 to 9,3.89,ND,SL2_2
2813,SL2,2,Goniastrea spp.,1,8 to 9,7.38,ND,SL2_2
2838,SL2,2,Goniastrea spp.,0,8 to 9,5.77,ND,SL2_2
2839,SL2,2,Goniastrea spp.,1,8 to 9,7.31,ND,SL2_2
2840,SL2,2,Goniastrea spp.,0,8 to 9,7.71,ND,SL2_2
2858,SL2,2,Goniastrea spp.,0,8 to 9,4.3,ND,SL2_2
2867,SL2,2,Goniastrea spp.,1,8 to 9,6.47,ND,SL2_2
2876,SL2,2,Goniastrea spp.,1,8 to 9,2.4,ND,SL2_2
3023,SL3,1,Goniastrea spp.,1,8 to 9,3.54,ND,SL3_1
3038,SL3,1,Goniastrea spp.,1,8 to 9,5.12,ND,SL3_1
3043,SL3,1,Goniastrea spp.,1,8 to 9,6.12,ND,SL3_1
3047,SL3,1,Goniastrea spp.,1,8 to 9,3.01,ND,SL3_1
3050,SL3,1,Goniastrea spp.,1,8 to 9,5.41,ND,SL3_1
3060,SL3,1,Goniastrea spp.,1,8 to 9,4.46,ND,SL3_1
3115,SL3,1,Goniastrea spp.,1,8 to 9,9.72,ND,SL3_1
3128,SL3,1,Goniastrea spp.,1,8 to 9,9.06,ND,SL3_1
3146,SL3,1,Goniastrea spp.,1,8 to 9,9.97,ND,SL3_1
3147,SL3,1,Goniastrea spp.,1,8 to 9,4.35,ND,SL3_1
3176,SL3,1,Goniastrea spp.,0,8 to 9,9.51,ND,SL3_1
3352,SL3,1,Goniastrea spp.,0,8 to 9,2.62,ND,SL3_1
3353,SL3,1,Goniastrea spp.,1,8 to 9,8.92,ND,SL3_1
3355,SL3,1,Goniastrea spp.,1,8 to 9,5.47,ND,SL3_1
3390,SL3,1,Goniastrea spp.,1,8 to 9,5.64,ND,SL3_1
3396,SL3,1,Goniastrea spp.,1,8 to 9,2.69,ND,SL3_1
3403,SL3,1,Goniastrea spp.,1,8 to 9,3.41,ND,SL3_1
3404,SL3,1,Goniastrea spp.,1,8 to 9,6.98,ND,SL3_1
3407,SL3,1,Goniastrea spp.,1,8 to 9,8.25,ND,SL3_1
3412,SL3,1,Goniastrea spp.,1,8 to 9,3.67,ND,SL3_1
3413,SL3,1,Goniastrea spp.,1,8 to 9,2.79,ND,SL3_1
3430,SL3,1,Goniastrea spp.,1,8 to 9,4.81,ND,SL3_1
3431,SL3,1,Goniastrea spp.,1,8 to 9,6.66,ND,SL3_1
3440,SL3,1,Goniastrea spp.,1,8 to 9,1.86,ND,SL3_1
3443,SL3,1,Goniastrea spp.,1,8 to 9,5.19,ND,SL3_1
3445,SL3,1,Goniastrea spp.,1,8 to 9,3.8,ND,SL3_1
3452,SL3,1,Goniastrea spp.,1,8 to 9,2.83,ND,SL3_1
3453,SL3,1,Goniastrea spp.,1,8 to 9,9.24,ND,SL3_1
3456,SL3,1,Goniastrea spp.,1,8 to 9,5.18,ND,SL3_1
3457,SL3,1,Goniastrea spp.,1,8 to 9,1.85,ND,SL3_1
3459,SL3,1,Goniastrea spp.,1,8 to 9,3.89,ND,SL3_1
3463,SL3,1,Goniastrea spp.,1,8 to 9,2.86,ND,SL3_1
3466,SL3,1,Goniastrea spp.,1,8 to 9,2.75,ND,SL3_1
3468,SL3,1,Goniastrea spp.,1,8 to 9,9.5,ND,SL3_1
3470,SL3,1,Goniastrea spp.,1,8 to 9,4.11,ND,SL3_1
3472,SL3,1,Goniastrea spp.,1,8 to 9,9.96,ND,SL3_1
3500,SL3,1,Goniastrea spp.,1,8 to 9,7.66,ND,SL3_1
3504,SL3,1,Goniastrea spp.,1,8 to 9,2.27,ND,SL3_1
3532,SL3,1,Goniastrea spp.,1,8 to 9,4.9,ND,SL3_1
3540,SL3,1,Goniastrea spp.,1,8 to 9,4.53,ND,SL3_1
3543,SL3,1,Goniastrea spp.,1,8 to 9,4.73,ND,SL3_1
3548,SL3,1,Goniastrea spp.,1,8 to 9,6.86,ND,SL3_1
3590,SL3,1,Goniastrea spp.,1,8 to 9,5.11,ND,SL3_1
3591,SL3,1,Goniastrea spp.,1,8 to 9,8.86,ND,SL3_1
3593,SL3,1,Goniastrea spp.,1,8 to 9,3.13,ND,SL3_1
3733,SL3,2,Goniastrea spp.,1,8 to 9,4.69,ND,SL3_2
3734,SL3,2,Goniastrea spp.,1,8 to 9,8.91,ND,SL3_2
3735,SL3,2,Goniastrea spp.,1,8 to 9,3.17,ND,SL3_2
3739,SL3,2,Goniastrea spp.,1,8 to 9,5.67,ND,SL3_2
3740,SL3,2,Goniastrea spp.,1,8 to 9,2.42,ND,SL3_2
3741,SL3,2,Goniastrea spp.,1,8 to 9,7.86,ND,SL3_2
3743,SL3,2,Goniastrea spp.,1,8 to 9,2.09,ND,SL3_2
3748,SL3,2,Goniastrea spp.,1,8 to 9,5.25,ND,SL3_2
3756,SL3,2,Goniastrea spp.,1,8 to 9,4.86,ND,SL3_2
3761,SL3,2,Goniastrea spp.,1,8 to 9,8.25,ND,SL3_2
3762,SL3,2,Goniastrea spp.,1,8 to 9,4.46,ND,SL3_2
3766,SL3,2,Goniastrea spp.,1,8 to 9,4.85,ND,SL3_2
3780,SL3,2,Goniastrea spp.,1,8 to 9,5.7,ND,SL3_2
3787,SL3,2,Goniastrea spp.,1,8 to 9,6.85,ND,SL3_2
3790,SL3,2,Goniastrea spp.,1,8 to 9,9.21,ND,SL3_2
3793,SL3,2,Goniastrea spp.,1,8 to 9,8.53,ND,SL3_2
3794,SL3,2,Goniastrea spp.,1,8 to 9,9.52,ND,SL3_2
3796,SL3,2,Goniastrea spp.,1,8 to 9,6.75,ND,SL3_2
3799,SL3,2,Goniastrea spp.,1,8 to 9,9.32,ND,SL3_2
3811,SL3,2,Goniastrea spp.,1,8 to 9,7.39,ND,SL3_2
3851,SL3,2,Goniastrea spp.,1,8 to 9,4.45,ND,SL3_2
3868,SL3,2,Goniastrea spp.,1,8 to 9,5.76,ND,SL3_2
3899,SL3,2,Goniastrea spp.,1,8 to 9,5.11,ND,SL3_2
3907,SL3,2,Goniastrea spp.,0,8 to 9,4.37,ND,SL3_2
3909,SL3,2,Goniastrea spp.,1,8 to 9,4.18,ND,SL3_2
3911,SL3,2,Goniastrea spp.,1,8 to 9,6.22,ND,SL3_2
3920,SL3,2,Goniastrea spp.,1,8 to 9,7.12,ND,SL3_2
4105,SL3,2,Goniastrea spp.,1,8 to 9,5.1,ND,SL3_2
4117,SL3,2,Goniastrea spp.,1,8 to 9,7.78,ND,SL3_2
4135,SL3,2,Goniastrea spp.,1,8 to 9,1.57,ND,SL3_2
4136,SL3,2,Goniastrea spp.,1,8 to 9,6.12,ND,SL3_2
4140,SL3,2,Goniastrea spp.,1,8 to 9,9.11,ND,SL3_2
4147,SL3,2,Goniastrea spp.,1,8 to 9,2.63,ND,SL3_2
4154,SL3,2,Goniastrea spp.,1,8 to 9,3.71,ND,SL3_2
4169,SL3,2,Goniastrea spp.,1,8 to 9,4.83,ND,SL3_2
4174,SL3,2,Goniastrea spp.,1,8 to 9,3.25,ND,SL3_2
4182,SL3,2,Goniastrea spp.,1,8 to 9,6.06,ND,SL3_2
4215,SL3,2,Goniastrea spp.,1,8 to 9,3.79,ND,SL3_2
4223,SL3,2,Goniastrea spp.,1,8 to 9,6.45,ND,SL3_2
4224,SL3,2,Goniastrea spp.,1,8 to 9,3.7,ND,SL3_2
4225,SL3,2,Goniastrea spp.,1,8 to 9,3.87,ND,SL3_2
4228,SL3,2,Goniastrea spp.,0,8 to 9,1.39,ND,SL3_2
4235,SL3,2,Goniastrea spp.,1,8 to 9,2.5,ND,SL3_2
4237,SL3,2,Goniastrea spp.,1,8 to 9,2.67,ND,SL3_2
4238,SL3,2,Goniastrea spp.,0,8 to 9,2.19,ND,SL3_2
4241,SL3,2,Goniastrea spp.,1,8 to 9,2.37,ND,SL3_2
4245,SL3,2,Goniastrea spp.,1,8 to 9,7,ND,SL3_2
4251,SL3,2,Goniastrea spp.,1,8 to 9,3.14,ND,SL3_2
4396,SL4,1,Goniastrea spp.,1,8 to 9,6.68,ND,SL4_1
4397,SL4,1,Goniastrea spp.,1,8 to 9,3.74,ND,SL4_1
4398,SL4,1,Goniastrea spp.,1,8 to 9,9.29,ND,SL4_1
4399,SL4,1,Goniastrea spp.,1,8 to 9,5.98,ND,SL4_1
4405,SL4,1,Goniastrea spp.,1,8 to 9,9.58,ND,SL4_1
4406,SL4,1,Goniastrea spp.,1,8 to 9,3.97,ND,SL4_1
4411,SL4,1,Goniastrea spp.,1,8 to 9,8.17,ND,SL4_1
4412,SL4,1,Goniastrea spp.,0,8 to 9,2.26,ND,SL4_1
4416,SL4,1,Goniastrea spp.,1,8 to 9,9.64,ND,SL4_1
4417,SL4,1,Goniastrea spp.,1,8 to 9,5.43,ND,SL4_1
4425,SL4,1,Goniastrea spp.,1,8 to 9,4.2,ND,SL4_1
4431,SL4,1,Goniastrea spp.,1,8 to 9,9.53,ND,SL4_1
4432,SL4,1,Goniastrea spp.,1,8 to 9,6.27,ND,SL4_1
4433,SL4,1,Goniastrea spp.,1,8 to 9,3.56,ND,SL4_1
4435,SL4,1,Goniastrea spp.,1,8 to 9,9.72,ND,SL4_1
4771,SL4,1,Goniastrea spp.,1,8 to 9,7.48,ND,SL4_1
4783,SL4,1,Goniastrea spp.,1,8 to 9,2.41,ND,SL4_1
4863,SL4,1,Goniastrea spp.,1,8 to 9,3.45,ND,SL4_1
4870,SL4,1,Goniastrea spp.,1,8 to 9,5.79,ND,SL4_1
4894,SL4,1,Goniastrea spp.,1,8 to 9,4.52,ND,SL4_1
4900,SL4,1,Goniastrea spp.,1,8 to 9,4.69,ND,SL4_1
5094,SL4,2,Goniastrea spp.,1,8 to 9,8.64,ND,SL4_2
5102,SL4,2,Goniastrea spp.,1,8 to 9,8.85,ND,SL4_2
5107,SL4,2,Goniastrea spp.,1,8 to 9,4.6,ND,SL4_2
5312,SL4,2,Goniastrea spp.,1,8 to 9,6.17,ND,SL4_2
5324,SL4,2,Goniastrea spp.,0,8 to 9,2.61,ND,SL4_2
5334,SL4,2,Goniastrea spp.,1,8 to 9,2.91,ND,SL4_2
5345,SL4,2,Goniastrea spp.,1,8 to 9,5.83,ND,SL4_2
5361,SL4,2,Goniastrea spp.,0,8 to 9,8.5,ND,SL4_2
5368,SL4,2,Goniastrea spp.,0,8 to 9,8.75,ND,SL4_2
5386,SL4,2,Goniastrea spp.,1,8 to 9,2.78,ND,SL4_2
5387,SL4,2,Goniastrea spp.,0,8 to 9,8.32,ND,SL4_2
5390,SL4,2,Goniastrea spp.,1,8 to 9,5.15,ND,SL4_2
5397,SL4,2,Goniastrea spp.,1,8 to 9,3.31,ND,SL4_2
5408,SL4,2,Goniastrea spp.,1,8 to 9,8.31,ND,SL4_2
5409,SL4,2,Goniastrea spp.,0,8 to 9,3.28,ND,SL4_2
5410,SL4,2,Goniastrea spp.,1,8 to 9,4.49,ND,SL4_2
5411,SL4,2,Goniastrea spp.,1,8 to 9,4.33,ND,SL4_2
5421,SL4,2,Goniastrea spp.,1,8 to 9,9.5,ND,SL4_2
5425,SL4,2,Goniastrea spp.,1,8 to 9,8.39,ND,SL4_2
5429,SL4,2,Goniastrea spp.,1,8 to 9,7.35,ND,SL4_2
5432,SL4,2,Goniastrea spp.,1,8 to 9,3.35,ND,SL4_2
5433,SL4,2,Goniastrea spp.,1,8 to 9,3.79,ND,SL4_2
5445,SL4,2,Goniastrea spp.,1,8 to 9,3.23,ND,SL4_2
5446,SL4,2,Goniastrea spp.,1,8 to 9,6.26,ND,SL4_2
5447,SL4,2,Goniastrea spp.,1,8 to 9,9.83,ND,SL4_2
5448,SL4,2,Goniastrea spp.,1,8 to 9,8.49,ND,SL4_2
5450,SL4,2,Goniastrea spp.,0,8 to 9,2.47,ND,SL4_2
5455,SL4,2,Goniastrea spp.,1,8 to 9,8.55,ND,SL4_2
5459,SL4,2,Goniastrea spp.,0,8 to 9,4.86,ND,SL4_2
5467,SL4,2,Goniastrea spp.,1,8 to 9,8.79,ND,SL4_2
5472,SL4,2,Goniastrea spp.,1,8 to 9,3.92,ND,SL4_2
5479,SL4,2,Goniastrea spp.,1,8 to 9,8.27,ND,SL4_2
5493,SL4,2,Goniastrea spp.,1,8 to 9,2.44,ND,SL4_2